Scenario,datetime,APCP,TMP,RH,WS,WD,FFMC,DMC,DC,ISI,BUI,FWI
JCB,2001-09-25 00:00,0.0,2.5,94,2,270,53.3,25,200,0.3,38,0.4
JCB,2001-09-25 01:00,0.0,1.1,96,2,270,53.5,25,200,0.3,38,0.4
JCB,2001-09-25 02:00,0.0,-0.3,98,1,270,53.6,25,200,0.3,38,0.4
JCB,2001-09-25 03:00,0.0,-0.7,98,3,270,53.7,25,200,0.3,38,0.4
JCB,2001-09-25 04:00,0.0,-0.3,94,0,270,53.8,25,200,0.2,38,0.3
JCB,2001-09-25 05:00,0.0,1.8,82,2,270,54.4,25,200,0.3,38,0.4
JCB,2001-09-25 06:00,0.0,2.5,78,9,270,55.4,25,200,0.5,38,0.6
JCB,2001-09-25 07:00,0.0,2.1,80,5,270,56.2,25,200,0.4,38,0.6
JCB,2001-09-25 08:00,0.0,2.8,78,2,270,56.9,25,200,0.4,38,0.5
JCB,2001-09-25 09:00,0.0,4.9,78,6,270,57.8,25,200,0.5,38,0.7
JCB,2001-09-25 10:00,0.0,12.1,43,11,270,60.5,25,200,0.7,38,1.1
JCB,2001-09-25 11:00,0.0,16.9,33,18,270,64.1,25,200,1.3,38,3.0
JCB,2001-09-25 12:00,0.0,21.3,24,5,270,67.6,25,200,0.7,38,1.2
JCB,2001-09-25 13:00,0.0,23.3,14,4,270,71.4,29,206,0.8,43,1.7
JCB,2001-09-25 14:00,0.0,24.2,14,9,270,75.2,29,206,1.2,43,3.1
JCB,2001-09-25 15:00,0.0,25.1,14,12,270,78.8,29,206,1.8,43,5.0
JCB,2001-09-25 16:00,0.0,26.9,10,13,270,82.3,29,206,2.9,43,7.5
JCB,2001-09-25 17:00,0.0,27.3,10,7,270,85.0,29,206,3.0,43,7.9
JCB,2001-09-25 18:00,0.0,25.1,14,15,270,87.1,29,206,6.0,43,14.0
JCB,2001-09-25 19:00,0.0,22.1,20,6,270,88.1,29,206,4.4,43,11.0
JCB,2001-09-25 20:00,0.0,12.1,47,0,270,88.2,29,206,3.3,43,8.6
JCB,2001-09-25 21:00,0.0,8.8,57,0,270,88.1,29,206,3.3,43,8.5
JCB,2001-09-25 22:00,0.0,7.8,65,3,270,87.8,29,206,3.6,43,9.4
JCB,2001-09-25 23:00,0.0,7.1,67,3,270,87.6,29,206,3.5,43,9.0
JCB,2001-09-26 00:00,0.0,6.0,73,3,270,87.2,29,206,3.3,43,8.7
JCB,2001-09-26 01:00,0.0,5.7,73,2,270,86.9,29,206,3.0,43,8.0
JCB,2001-09-26 02:00,0.0,6.4,73,2,270,86.6,29,206,2.9,43,7.7
JCB,2001-09-26 03:00,0.0,7.1,67,3,270,86.4,29,206,3.0,43,7.9
JCB,2001-09-26 04:00,0.0,6.7,67,6,270,86.3,29,206,3.4,43,8.8
JCB,2001-09-26 05:00,0.0,16.9,35,35,270,86.9,29,206,16.0,43,28.5
JCB,2001-09-26 06:00,0.0,15.4,43,38,270,87.1,29,206,19.1,43,32.1
JCB,2001-09-26 07:00,0.0,14.3,41,28,270,87.2,29,206,11.8,43,23.1
JCB,2001-09-26 08:00,0.0,13.9,43,30,270,87.3,29,206,13.3,43,25.1
JCB,2001-09-26 09:00,0.0,13.9,41,19,270,87.5,29,206,7.8,43,17.0
JCB,2001-09-26 10:00,0.0,14.6,37,25,270,87.7,29,206,10.9,43,21.8
JCB,2001-09-26 11:00,0.0,14.3,41,21,270,87.8,29,206,9.0,43,19.0
JCB,2001-09-26 12:00,0.0,15.8,39,35,270,88.0,29,206,18.7,43,31.7
JCB,2001-09-26 13:00,0.0,16.5,35,28,270,88.3,31,211,13.7,45,26.4
JCB,2001-09-26 14:00,0.0,16.5,35,27,270,88.5,31,211,13.5,45,26.1
JCB,2001-09-26 15:00,0.0,15.8,37,18,270,88.6,31,211,8.7,45,19.1
JCB,2001-09-26 16:00,0.0,17.3,33,17,270,88.9,31,211,8.6,45,18.9
JCB,2001-09-26 17:00,0.0,17.7,31,21,270,89.2,31,211,11.0,45,22.6
JCB,2001-09-26 18:00,0.0,16.5,31,13,270,89.4,31,211,7.6,45,17.2
JCB,2001-09-26 19:00,0.0,13.9,37,11,270,89.4,31,211,6.9,45,16.0
JCB,2001-09-26 20:00,0.0,13.1,39,25,270,89.5,31,211,14.1,45,26.8
JCB,2001-09-26 21:00,0.0,11.7,45,19,270,89.4,31,211,10.3,45,21.5
JCB,2001-09-26 22:00,0.0,7.1,63,2,270,89.1,31,211,4.2,45,10.8
JCB,2001-09-26 23:00,0.0,11.7,41,10,270,89.1,31,211,6.3,45,14.9
JCB,2001-09-27 00:00,0.0,11.3,39,19,270,89.2,31,211,9.9,45,21.0
JCB,2001-09-27 01:00,0.0,11.7,37,22,270,89.2,31,211,11.7,45,23.5
JCB,2001-09-27 02:00,0.0,11.7,39,22,270,89.3,31,211,11.7,45,23.6
JCB,2001-09-27 03:00,0.0,9.9,55,34,270,89.0,31,211,20.5,45,34.6
JCB,2001-09-27 04:00,0.0,9.5,53,26,270,88.7,31,211,13.3,45,25.7
JCB,2001-09-27 05:00,0.0,9.2,45,21,270,88.7,31,211,10.3,45,21.5
JCB,2001-09-27 06:00,0.0,8.1,47,19,270,88.6,31,211,9.2,45,19.8
JCB,2001-09-27 07:00,0.0,7.4,47,13,270,88.6,31,211,6.7,45,15.7
JCB,2001-09-27 08:00,0.0,7.4,37,16,270,88.6,31,211,7.9,45,17.7
JCB,2001-09-27 09:00,0.0,9.5,31,12,270,88.7,31,211,6.5,45,15.4
JCB,2001-09-27 10:00,0.0,9.5,29,8,270,88.8,31,211,5.4,45,13.4
JCB,2001-09-27 11:00,0.0,11.0,25,14,270,89.1,31,211,7.6,45,17.3
JCB,2001-09-27 12:00,0.0,12.4,20,14,270,89.5,31,211,8.1,45,18.2
JCB,2001-09-27 13:00,0.0,12.1,22,15,270,89.9,33,214,8.9,47,19.9
JCB,2001-09-27 14:00,0.0,13.9,22,11,270,90.2,33,214,7.6,47,17.8
JCB,2001-09-27 15:00,0.0,13.9,22,15,270,90.4,33,214,9.7,47,21.2
JCB,2001-09-27 16:00,0.0,14.3,20,16,270,90.8,33,214,10.7,47,22.7
JCB,2001-09-27 17:00,0.0,13.9,22,12,270,91.0,33,214,9.0,47,20.0
JCB,2001-09-27 18:00,0.0,13.5,25,9,270,91.0,33,214,7.8,47,18.1
JCB,2001-09-27 19:00,0.0,11.0,33,1,270,91.0,33,214,5.2,47,13.3
JCB,2001-09-27 20:00,0.0,7.1,49,0,270,90.9,33,214,4.9,47,12.6
JCB,2001-09-27 21:00,0.0,5.3,57,0,270,90.6,33,214,4.7,47,12.2
JCB,2001-09-27 22:00,0.0,3.2,69,0,270,90.3,33,214,4.4,47,11.7
JCB,2001-09-27 23:00,0.0,1.1,78,0,270,89.8,33,214,4.2,47,11.1
JCB,2001-09-28 00:00,0.0,0.0,84,0,270,89.2,33,214,3.8,47,10.4
JCB,2001-09-28 01:00,0.0,-1.0,88,0,270,88.6,33,214,3.5,47,9.7
JCB,2001-09-28 02:00,0.0,-0.7,88,0,270,88.1,33,214,3.3,47,9.0
JCB,2001-09-28 03:00,0.0,-2.1,92,0,270,87.5,33,214,3.0,47,8.4
JCB,2001-09-28 04:00,0.0,-2.1,88,0,270,87.0,33,214,2.8,47,7.9
JCB,2001-09-28 05:00,0.0,-2.4,88,0,270,86.5,33,214,2.6,47,7.4
JCB,2001-09-28 06:00,0.0,0.7,78,10,270,86.1,33,214,4.1,47,10.9
JCB,2001-09-28 07:00,0.0,-2.1,90,4,270,85.5,33,214,2.8,47,7.8
JCB,2001-09-28 08:00,0.0,1.8,76,10,270,85.2,33,214,3.6,47,9.8
JCB,2001-09-28 09:00,0.0,1.8,78,9,270,84.9,33,214,3.3,47,9.0
JCB,2001-09-28 10:00,0.0,5.3,69,15,270,84.8,33,214,4.3,47,11.5
JCB,2001-09-28 11:00,0.0,7.8,63,8,270,84.8,33,214,3.1,47,8.6
JCB,2001-09-28 12:00,0.0,12.4,41,12,270,85.2,33,214,4.0,47,10.6
JCB,2001-09-28 13:00,0.0,13.9,31,6,270,85.7,34,219,3.2,49,9.0
JCB,2001-09-28 14:00,0.0,13.1,31,15,270,86.3,34,219,5.4,49,13.9
JCB,2001-09-28 15:00,0.0,14.3,27,14,270,86.9,34,219,5.6,49,14.4
JCB,2001-09-28 16:00,0.0,13.5,27,18,270,87.5,34,219,7.4,49,17.7
JCB,2001-09-28 17:00,0.0,13.5,25,15,270,88.0,34,219,6.8,49,16.8
JCB,2001-09-28 18:00,0.0,13.9,25,16,270,88.5,34,219,7.7,49,18.3
JCB,2001-09-28 19:00,0.0,10.6,29,6,270,88.6,34,219,4.8,49,12.7
JCB,2001-09-28 20:00,0.0,4.6,51,0,270,88.6,34,219,3.5,49,9.9
JCB,2001-09-28 21:00,0.0,1.1,65,1,270,88.3,34,219,3.5,49,10.0
JCB,2001-09-28 22:00,0.0,-1.4,75,0,270,88.0,34,219,3.2,49,9.2
JCB,2001-09-28 23:00,0.0,-3.1,82,1,270,87.5,34,219,3.2,49,9.1
JCB,2001-09-29 00:00,0.0,-2.8,80,4,270,87.1,34,219,3.5,49,9.8
JCB,2001-09-29 01:00,0.0,-4.6,84,0,270,86.7,34,219,2.7,49,7.8
JCB,2001-09-29 02:00,0.0,-4.6,90,0,270,86.3,34,219,2.5,49,7.4
JCB,2001-09-29 03:00,0.0,-5.3,90,2,270,85.7,34,219,2.6,49,7.6
JCB,2001-09-29 04:00,0.0,-6.4,92,0,270,85.3,34,219,2.2,49,6.5
JCB,2001-09-29 05:00,0.0,-6.4,90,0,270,84.9,34,219,2.1,49,6.2
JCB,2001-09-29 06:00,0.0,-6.8,96,1,270,84.3,34,219,2.0,49,6.1
JCB,2001-09-29 07:00,0.0,-7.1,98,4,270,83.6,34,219,2.1,49,6.4
JCB,2001-09-29 08:00,0.0,-7.9,98,7,270,82.9,34,219,2.3,49,6.7
JCB,2001-09-29 09:00,0.0,-3.5,92,4,270,82.5,34,219,1.8,49,5.5
JCB,2001-09-29 10:00,0.0,2.8,67,3,270,82.5,34,219,1.8,49,5.3
JCB,2001-09-29 11:00,0.0,10.2,39,4,270,83.0,34,219,2.0,49,5.9
JCB,2001-09-29 12:00,0.0,13.5,29,18,270,84.0,34,219,4.6,49,12.2
JCB,2001-09-29 13:00,0.0,13.5,31,22,270,84.8,36,223,6.2,52,16.0
JCB,2001-09-29 14:00,0.0,15.0,29,13,270,85.6,36,223,4.4,52,12.2
JCB,2001-09-29 15:00,0.0,15.4,27,17,270,86.4,36,223,6.0,52,15.6
JCB,2001-09-29 16:00,0.0,16.1,25,21,270,87.2,36,223,8.3,52,19.7
JCB,2001-09-29 17:00,0.0,15.4,27,16,270,87.8,36,223,7.0,52,17.4
JCB,2001-09-29 18:00,0.0,14.6,27,15,270,88.2,36,223,7.1,52,17.6
JCB,2001-09-29 19:00,0.0,13.5,29,19,270,88.6,36,223,9.1,52,21.1
JCB,2001-09-29 20:00,0.0,13.1,31,21,270,88.8,36,223,10.4,52,23.1
JCB,2001-09-29 21:00,0.0,12.4,31,22,270,88.9,36,223,11.1,52,24.4
JCB,2001-09-29 22:00,0.0,11.0,33,12,270,89.0,36,223,6.8,52,17.0
JCB,2001-09-29 23:00,0.0,6.0,49,5,270,88.9,36,223,4.7,52,12.8
JCB,2001-09-30 00:00,0.0,4.6,55,5,270,88.7,36,223,4.6,52,12.6
JCB,2001-09-30 01:00,0.0,0.4,67,6,270,88.3,36,223,4.6,52,12.5
JCB,2001-09-30 02:00,0.0,-0.3,73,3,270,87.9,36,223,3.7,52,10.6
JCB,2001-09-30 03:00,0.0,-1.4,78,1,270,87.5,36,223,3.2,52,9.3
JCB,2001-09-30 04:00,0.0,-2.8,84,1,270,87.1,36,223,3.0,52,8.8
JCB,2001-09-30 05:00,0.0,-3.8,84,1,270,86.6,36,223,2.8,52,8.3
JCB,2001-09-30 06:00,0.0,-4.6,92,1,270,86.0,36,223,2.6,52,7.7
JCB,2001-09-30 07:00,0.0,-5.3,86,6,270,85.5,36,223,3.1,52,9.1
JCB,2001-09-30 08:00,0.0,-5.7,92,3,270,85.0,36,223,2.4,52,7.4
JCB,2001-09-30 09:00,0.0,-2.8,90,2,270,84.5,36,223,2.2,52,6.7
JCB,2001-09-30 10:00,0.0,3.5,65,0,270,84.5,36,223,2.0,52,6.1
JCB,2001-09-30 11:00,0.0,9.2,43,10,270,84.8,36,223,3.4,52,9.8
JCB,2001-09-30 12:00,0.0,14.3,33,9,270,85.4,36,223,3.5,52,10.1
JCB,2001-09-30 13:00,0.0,17.3,16,16,270,86.7,39,228,6.0,55,16.0
JCB,2001-09-30 14:00,0.0,19.3,14,15,270,88.0,39,228,6.9,55,17.8
JCB,2001-09-30 15:00,0.0,20.5,10,12,270,89.4,39,228,7.2,55,18.4
JCB,2001-09-30 16:00,0.0,20.1,8,19,270,90.7,39,228,12.4,55,27.0
JCB,2001-09-30 17:00,0.0,19.7,10,17,270,91.7,39,228,12.9,55,27.7
JCB,2001-09-30 18:00,0.0,18.9,10,15,270,92.4,39,228,12.9,55,27.8
JCB,2001-09-30 19:00,0.0,15.0,16,13,270,92.6,39,228,12.0,55,26.5
JCB,2001-09-30 20:00,0.0,10.2,25,10,270,92.6,39,228,10.3,55,23.8
JCB,2001-09-30 21:00,0.0,6.0,33,1,270,92.6,39,228,6.5,55,17.0
JCB,2001-09-30 22:00,0.0,1.8,47,2,270,92.3,39,228,6.6,55,17.1
JCB,2001-09-30 23:00,0.0,0.0,59,2,270,91.8,39,228,6.2,55,16.4
JCB,2001-10-01 00:00,0.0,-1.0,69,1,270,91.3,39,228,5.5,55,14.9
JCB,2001-10-01 01:00,0.0,-2.4,75,0,270,90.9,39,228,4.9,55,13.6
JCB,2001-10-01 02:00,0.0,-3.8,78,1,270,90.3,39,228,4.7,55,13.3
JCB,2001-10-01 03:00,0.0,-3.8,75,0,270,89.9,39,228,4.2,55,12.3
JCB,2001-10-01 04:00,0.0,-3.8,73,0,270,89.6,39,228,4.0,55,11.8
JCB,2001-10-01 05:00,0.0,-4.6,78,0,270,89.2,39,228,3.8,55,11.2
JCB,2001-10-01 06:00,0.0,-3.5,78,0,270,88.8,39,228,3.6,55,10.8
JCB,2001-10-01 07:00,0.0,-3.8,76,0,270,88.5,39,228,3.4,55,10.3
JCB,2001-10-01 08:00,0.0,-3.8,80,0,270,88.1,39,228,3.3,55,9.9
JCB,2001-10-01 09:00,0.0,-2.4,76,2,270,87.7,39,228,3.4,55,10.3
JCB,2001-10-01 10:00,0.0,2.8,55,9,270,87.6,39,228,4.8,55,13.4
JCB,2001-10-01 11:00,0.0,6.4,47,7,270,87.6,39,228,4.3,55,12.4
JCB,2001-10-01 12:00,0.0,9.5,39,3,270,87.6,39,228,3.6,55,10.6
JCB,2001-10-01 13:00,0.0,12.8,33,4,270,87.9,40,231,3.9,56,11.5
JCB,2001-10-01 14:00,0.0,13.9,33,12,270,88.1,40,231,6.0,56,16.2
JCB,2001-10-01 15:00,0.0,10.6,41,15,270,88.1,40,231,7.0,56,18.2
JCB,2001-10-01 16:00,0.0,7.1,43,13,270,88.2,40,231,6.4,56,17.0
JCB,2001-10-01 17:00,0.0,6.7,45,12,270,88.2,40,231,6.0,56,16.4
JCB,2001-10-01 18:00,1.0,1.4,94,2,270,66.4,40,231,0.6,56,1.5
JCB,2001-10-01 19:00,1.0,0.4,100,2,270,50.9,40,231,0.2,56,0.4
JCB,2001-10-01 20:00,0.3,0.0,100,0,270,47.8,40,231,0.1,56,0.2
JCB,2001-10-01 21:00,0.3,0.4,100,12,270,45.0,40,231,0.2,56,0.3
JCB,2001-10-01 22:00,0.5,1.1,98,1,270,39.9,40,231,0.0,56,0.1
JCB,2001-10-01 23:00,0.0,0.0,98,0,270,40.0,40,231,0.0,56,0.1
JCB,2001-10-02 00:00,0.0,-0.7,100,11,270,40.0,40,231,0.1,56,0.1
JCB,2001-10-02 01:00,0.0,-0.7,100,14,270,40.0,40,231,0.1,56,0.1
JCB,2001-10-02 02:00,0.0,-1.0,100,13,270,40.1,40,231,0.1,56,0.1
JCB,2001-10-02 03:00,0.0,-1.4,100,4,270,40.1,40,231,0.0,56,0.1
JCB,2001-10-02 04:00,0.0,-1.0,100,11,270,40.1,40,231,0.1,56,0.1
JCB,2001-10-02 05:00,0.0,-1.4,100,10,270,40.2,40,231,0.1,56,0.1
JCB,2001-10-02 06:00,0.0,-2.1,100,6,270,40.2,40,231,0.0,56,0.1
JCB,2001-10-02 07:00,0.0,-1.7,100,13,270,40.2,40,231,0.1,56,0.1
JCB,2001-10-02 08:00,0.0,-1.4,98,8,270,40.4,40,231,0.1,56,0.1
JCB,2001-10-02 09:00,0.0,-0.7,98,7,270,40.5,40,231,0.1,56,0.1
JCB,2001-10-02 10:00,0.0,0.0,94,14,270,41.0,40,231,0.1,56,0.2
JCB,2001-10-02 11:00,0.5,2.1,88,20,270,37.5,40,231,0.1,56,0.1
JCB,2001-10-02 12:00,0.0,3.5,90,14,270,38.5,40,231,0.1,56,0.1
JCB,2001-10-02 13:00,0.0,8.1,73,13,270,40.6,31,227,0.1,46,0.1
JCB,2001-10-02 14:00,0.0,9.9,53,14,270,43.8,31,227,0.1,46,0.2
JCB,2001-10-02 15:00,0.0,11.7,37,8,270,47.2,31,227,0.2,46,0.3
JCB,2001-10-02 16:00,0.0,13.1,29,6,270,50.7,31,227,0.2,46,0.4
JCB,2001-10-02 17:00,0.0,13.1,31,12,270,54.4,31,227,0.5,46,0.8
JCB,2001-10-02 18:00,0.0,12.1,33,9,270,57.5,31,227,0.5,46,0.9
JCB,2001-10-02 19:00,0.0,4.6,67,6,270,58.7,31,227,0.5,46,0.8
JCB,2001-10-02 20:00,0.0,0.7,88,4,270,59.1,31,227,0.5,46,0.7
JCB,2001-10-02 21:00,0.0,-1.4,94,0,270,59.2,31,227,0.4,46,0.6
JCB,2001-10-02 22:00,0.0,-3.1,94,1,270,59.3,31,227,0.4,46,0.7
JCB,2001-10-02 23:00,0.0,-3.5,94,5,270,59.5,31,227,0.5,46,0.8
JCB,2001-10-03 00:00,0.0,-3.8,94,2,270,59.6,31,227,0.4,46,0.7
JCB,2001-10-03 01:00,0.0,-4.6,94,0,270,59.7,31,227,0.4,46,0.6
JCB,2001-10-03 02:00,0.0,-5.7,98,2,270,59.8,31,227,0.4,46,0.7
JCB,2001-10-03 03:00,0.0,-4.6,80,1,270,60.2,31,227,0.4,46,0.7
JCB,2001-10-03 04:00,0.0,-5.7,92,1,270,60.3,31,227,0.4,46,0.7
JCB,2001-10-03 05:00,0.0,-6.0,98,1,270,60.4,31,227,0.4,46,0.7
JCB,2001-10-03 06:00,0.0,-7.5,98,0,270,60.5,31,227,0.4,46,0.7
JCB,2001-10-03 07:00,0.0,-7.9,98,0,270,60.5,31,227,0.4,46,0.7
JCB,2001-10-03 08:00,0.0,-9.8,98,0,270,60.6,31,227,0.4,46,0.7
JCB,2001-10-03 09:00,0.0,-7.9,96,1,270,60.7,31,227,0.4,46,0.7
JCB,2001-10-03 10:00,0.0,-0.3,75,0,270,61.0,31,227,0.4,46,0.7
JCB,2001-10-03 11:00,0.0,3.5,47,3,270,62.4,31,227,0.5,46,0.9
JCB,2001-10-03 12:00,0.0,5.7,37,4,270,64.0,31,227,0.6,46,1.0
JCB,2001-10-03 13:00,0.0,7.1,33,5,270,65.8,31,229,0.7,47,1.5
JCB,2001-10-03 14:00,0.0,8.8,29,6,270,67.8,31,229,0.8,47,1.9
JCB,2001-10-03 15:00,0.0,9.2,29,14,270,69.9,31,229,1.3,47,3.5
JCB,2001-10-03 16:00,0.0,9.9,27,14,270,72.0,31,229,1.4,47,3.8
JCB,2001-10-03 17:00,0.0,9.2,29,16,270,73.8,31,229,1.6,47,4.6
JCB,2001-10-03 18:00,0.0,8.1,33,12,270,75.2,31,229,1.4,47,4.0
JCB,2001-10-03 19:00,0.0,5.7,39,6,270,76.1,31,229,1.1,47,3.0
JCB,2001-10-03 20:00,0.0,-0.3,69,0,270,76.3,31,229,0.8,47,2.0
JCB,2001-10-03 21:00,0.0,-1.4,71,0,270,76.4,31,229,0.8,47,2.1
JCB,2001-10-03 22:00,0.0,0.7,61,1,270,76.7,31,229,0.9,47,2.3
JCB,2001-10-03 23:00,0.0,0.0,88,0,270,76.8,31,229,0.9,47,2.1
JCB,2001-10-04 00:00,0.0,-1.0,98,0,270,76.6,31,229,0.8,47,2.1
JCB,2001-10-04 01:00,0.0,-1.2,98,0,270,76.4,31,229,0.8,47,2.0
JCB,2001-10-04 02:00,0.0,-1.4,98,12,270,76.1,31,229,1.5,47,4.3
JCB,2001-10-04 03:00,0.0,-1.7,98,1,270,76.0,31,229,0.9,47,2.1
JCB,2001-10-04 04:00,0.0,-2.1,98,14,270,75.7,31,229,1.6,47,4.6
JCB,2001-10-04 05:00,0.0,-2.8,100,1,270,75.5,31,229,0.8,47,2.0
JCB,2001-10-04 06:00,0.0,-3.1,98,4,270,75.3,31,229,1.0,47,2.5
JCB,2001-10-04 07:00,0.0,-3.5,98,5,270,75.1,31,229,1.0,47,2.6
JCB,2001-10-04 08:00,0.0,-4.2,100,0,270,75.0,31,229,0.8,47,1.8
JCB,2001-10-04 09:00,0.0,-3.8,96,1,270,74.9,31,229,0.8,47,1.9
JCB,2001-10-04 10:00,0.0,-0.3,75,1,270,75.1,31,229,0.8,47,1.9
JCB,2001-10-04 11:00,0.0,1.1,59,12,270,75.6,31,229,1.5,47,4.2
JCB,2001-10-04 12:00,1.5,1.8,45,19,270,52.6,31,229,0.6,47,0.9
JCB,2001-10-04 13:00,0.5,3.2,41,15,270,48.9,29,230,0.3,44,0.5
JCB,2001-10-04 14:00,0.0,4.9,37,9,270,51.4,29,230,0.3,44,0.5
JCB,2001-10-04 15:00,0.0,5.7,27,10,270,54.2,29,230,0.4,44,0.7
JCB,2001-10-04 16:00,0.0,6.7,24,7,270,56.8,29,230,0.5,44,0.7
JCB,2001-10-04 17:00,0.0,7.4,22,3,270,59.1,29,230,0.4,44,0.7
JCB,2001-10-04 18:00,0.0,6.7,24,12,270,61.7,29,230,0.8,44,1.9
JCB,2001-10-04 19:00,0.0,-1.4,57,0,270,62.3,29,230,0.5,44,0.7
JCB,2001-10-04 20:00,0.0,-3.5,71,0,270,62.7,29,230,0.5,44,0.7
JCB,2001-10-04 21:00,0.0,-4.6,75,0,270,63.0,29,230,0.5,44,0.7
JCB,2001-10-04 22:00,0.0,-6.4,82,0,270,63.2,29,230,0.5,44,0.7
JCB,2001-10-04 23:00,0.0,-6.8,76,19,270,63.9,29,230,1.3,44,3.5
JCB,2001-10-05 00:00,0.0,-3.8,61,19,270,64.9,29,230,1.4,44,3.7
JCB,2001-10-05 01:00,0.0,-4.6,61,10,270,65.6,29,230,0.9,44,2.1
JCB,2001-10-05 02:00,0.0,-5.3,63,17,270,66.4,29,230,1.3,44,3.5
JCB,2001-10-05 03:00,0.0,-5.3,61,20,270,67.3,29,230,1.6,44,4.3
JCB,2001-10-05 04:00,0.0,-5.7,61,15,270,68.0,29,230,1.2,44,3.3
JCB,2001-10-05 05:00,0.0,-5.3,57,12,270,68.7,29,230,1.1,44,2.8
JCB,2001-10-05 06:00,0.0,-5.3,57,14,270,69.4,29,230,1.2,44,3.3
JCB,2001-10-05 07:00,0.0,-4.9,55,17,270,70.2,29,230,1.5,44,4.0
JCB,2001-10-05 08:00,0.0,-5.3,57,21,270,70.9,29,230,1.9,44,5.1
JCB,2001-10-05 09:00,0.0,-4.6,55,16,270,71.6,29,230,1.5,44,4.0
JCB,2001-10-05 10:00,0.0,-0.3,39,1,270,72.3,29,230,0.7,44,1.4
JCB,2001-10-05 11:00,0.0,4.9,27,21,270,74.0,29,230,2.1,44,5.7
JCB,2001-10-05 12:00,0.0,8.8,22,16,270,75.8,29,230,1.8,44,4.9
JCB,2001-10-05 13:00,0.0,12.1,20,9,270,77.6,30,233,1.4,46,4.0
JCB,2001-10-05 14:00,0.0,14.6,18,7,270,79.4,30,233,1.5,46,4.3
JCB,2001-10-05 15:00,0.0,16.1,22,5,270,80.9,30,233,1.6,46,4.5
JCB,2001-10-05 16:00,0.0,16.1,22,4,270,82.2,30,233,1.8,46,5.1
JCB,2001-10-05 17:00,0.0,15.8,22,15,270,83.6,30,233,3.7,46,9.9
JCB,2001-10-05 18:00,0.0,14.3,22,12,270,84.7,30,233,3.7,46,9.9
JCB,2001-10-05 19:00,0.0,5.7,53,4,270,84.7,30,233,2.5,46,7.0
JCB,2001-10-05 20:00,0.0,1.4,71,0,270,84.7,30,233,2.0,46,5.7
JCB,2001-10-05 21:00,0.0,-2.1,82,0,270,84.5,30,233,2.0,46,5.5
JCB,2001-10-05 22:00,0.0,-3.1,82,0,270,84.2,30,233,1.9,46,5.4
JCB,2001-10-05 23:00,0.0,-3.5,82,1,270,84.0,30,233,1.9,46,5.5
JCB,2001-10-06 00:00,0.0,1.1,65,3,270,84.0,30,233,2.1,46,6.1
JCB,2001-10-06 01:00,0.0,0.4,67,10,270,84.0,30,233,3.0,46,8.3
JCB,2001-10-06 02:00,0.0,-0.3,69,1,270,83.9,30,233,1.9,46,5.4
JCB,2001-10-06 03:00,0.0,-0.3,69,4,270,83.9,30,233,2.2,46,6.2
JCB,2001-10-06 04:00,0.0,-2.1,76,1,270,83.8,30,233,1.9,46,5.3
JCB,2001-10-06 05:00,0.0,1.8,59,13,270,83.8,30,233,3.5,46,9.3
JCB,2001-10-06 06:00,0.0,1.4,61,9,270,83.9,30,233,2.8,46,7.8
JCB,2001-10-06 07:00,0.0,1.1,61,5,270,83.9,30,233,2.3,46,6.6
JCB,2001-10-06 08:00,0.0,1.4,61,11,270,83.9,30,233,3.2,46,8.7
JCB,2001-10-06 09:00,0.0,4.2,51,1,270,84.0,30,233,1.9,46,5.5
JCB,2001-10-06 10:00,0.0,8.1,39,19,270,84.4,30,233,5.1,46,12.8
JCB,2001-10-06 11:00,0.0,11.7,27,17,270,85.2,30,233,5.1,46,12.8
JCB,2001-10-06 12:00,0.0,15.4,16,20,270,86.5,30,233,7.1,46,16.5
JCB,2001-10-06 13:00,0.0,15.8,14,21,270,87.7,32,237,8.9,48,20.1
JCB,2001-10-06 14:00,0.0,13.5,16,20,270,88.6,32,237,9.6,48,21.2
JCB,2001-10-06 15:00,0.0,13.1,18,21,270,89.2,32,237,11.0,48,23.4
JCB,2001-10-06 16:00,0.0,13.5,20,16,270,89.7,32,237,9.2,48,20.5
JCB,2001-10-06 17:00,0.0,12.1,29,15,270,89.8,32,237,8.8,48,20.0
JCB,2001-10-06 18:00,0.0,9.5,39,26,270,89.7,32,237,15.3,48,29.4
JCB,2001-10-06 19:00,0.0,5.3,76,25,270,88.9,32,237,12.8,48,26.0
JCB,2001-10-06 20:00,0.0,4.9,75,25,270,88.1,32,237,11.6,48,24.2
JCB,2001-10-06 21:00,0.3,3.5,90,19,270,81.5,32,237,3.5,48,9.8
JCB,2001-10-06 22:00,0.0,3.9,84,14,270,81.4,32,237,2.7,48,7.7
JCB,2001-10-06 23:00,0.0,4.2,75,23,270,81.5,32,237,4.3,48,11.4
JCB,2001-10-07 00:00,0.0,4.2,76,20,270,81.5,32,237,3.7,48,10.1
JCB,2001-10-07 01:00,0.0,3.5,76,19,270,81.6,32,237,3.5,48,9.8
JCB,2001-10-07 02:00,0.0,3.5,75,9,270,81.6,32,237,2.1,48,6.3
JCB,2001-10-07 03:00,0.0,3.5,75,2,270,81.6,32,237,1.5,48,4.4
JCB,2001-10-07 04:00,0.0,3.2,84,7,270,81.5,32,237,1.9,48,5.6
JCB,2001-10-07 05:00,0.0,2.1,88,2,270,81.3,32,237,1.5,48,4.3
JCB,2001-10-07 06:00,0.0,-0.3,96,2,270,80.9,32,237,1.4,48,4.0
JCB,2001-10-07 07:00,0.0,-1.0,96,0,270,80.5,32,237,1.2,48,3.4
JCB,2001-10-07 08:00,0.0,-2.8,96,8,270,80.0,32,237,1.7,48,5.0
JCB,2001-10-07 09:00,0.0,-1.4,94,5,270,79.7,32,237,1.4,48,4.2
JCB,2001-10-07 10:00,0.0,3.2,73,2,270,79.8,32,237,1.2,48,3.5
JCB,2001-10-07 11:00,0.0,7.4,47,10,270,80.4,32,237,2.0,48,5.8
JCB,2001-10-07 12:00,0.0,9.9,39,9,270,81.1,32,237,2.0,48,5.9
JCB,2001-10-07 13:00,0.0,11.3,31,9,270,82.0,34,240,2.2,50,6.7
JCB,2001-10-07 14:00,0.0,12.1,29,12,270,83.0,34,240,2.9,50,8.6
JCB,2001-10-07 15:00,0.0,11.0,31,24,270,83.8,34,240,6.0,50,15.3
JCB,2001-10-07 16:00,0.0,10.6,33,15,270,84.4,34,240,4.2,50,11.4
JCB,2001-10-07 17:00,0.0,9.5,33,18,270,85.0,34,240,5.2,50,13.7
JCB,2001-10-07 18:00,0.0,8.8,33,21,270,85.4,34,240,6.5,50,16.1
JCB,2001-10-07 19:00,0.0,5.3,63,5,270,85.4,34,240,2.9,50,8.4
JCB,2001-10-07 20:00,0.0,4.2,67,0,270,85.3,34,240,2.2,50,6.6
JCB,2001-10-07 21:00,0.0,1.4,75,1,270,85.2,34,240,2.3,50,6.8
JCB,2001-10-07 22:00,0.0,3.9,59,19,270,85.2,34,240,5.6,50,14.5
JCB,2001-10-07 23:00,0.0,7.4,43,20,270,85.4,34,240,6.1,50,15.4
JCB,2001-10-08 00:00,0.0,6.7,45,24,270,85.5,34,240,7.5,50,18.1
JCB,2001-10-08 01:00,0.0,6.7,43,26,270,85.6,34,240,8.5,50,19.8
JCB,2001-10-08 02:00,0.0,6.7,43,27,270,85.8,34,240,9.1,50,20.8
JCB,2001-10-08 03:00,0.0,5.7,45,24,270,85.8,34,240,7.9,50,18.7
JCB,2001-10-08 04:00,0.0,2.8,57,19,270,85.8,34,240,6.1,50,15.5
JCB,2001-10-08 05:00,0.0,2.5,57,22,270,85.7,34,240,7.1,50,17.3
JCB,2001-10-08 06:00,0.0,1.1,63,12,270,85.6,34,240,4.2,50,11.5
JCB,2001-10-08 07:00,0.0,0.7,65,13,270,85.5,34,240,4.3,50,11.8
JCB,2001-10-08 08:00,0.0,0.0,67,0,270,85.4,34,240,2.2,50,6.7
JCB,2001-10-08 09:00,0.0,-0.3,75,0,270,85.2,34,240,2.2,50,6.5
JCB,2001-10-08 10:00,0.0,6.4,47,3,270,85.3,34,240,2.6,50,7.6
JCB,2001-10-08 11:00,0.0,7.1,43,1,270,85.4,34,240,2.4,50,7.0
JCB,2001-10-08 12:00,0.0,8.5,33,19,270,85.8,34,240,6.2,50,15.6
JCB,2001-10-08 13:00,0.0,8.5,35,12,270,86.1,35,242,4.5,51,12.4
JCB,2001-10-08 14:00,0.0,9.5,33,22,270,86.5,35,242,7.9,51,18.9
JCB,2001-10-08 15:00,0.0,9.2,27,30,270,87.0,35,242,12.6,51,26.4
JCB,2001-10-08 16:00,0.0,10.2,25,29,270,87.5,35,242,12.9,51,26.9
JCB,2001-10-08 17:00,0.0,9.9,29,28,270,87.8,35,242,12.9,51,26.8
JCB,2001-10-08 18:00,0.0,7.8,33,22,270,88.0,35,242,9.7,51,22.0
JCB,2001-10-08 19:00,0.0,6.7,37,25,270,88.0,35,242,11.3,51,24.6
JCB,2001-10-08 20:00,0.0,5.3,41,25,270,88.1,35,242,11.4,51,24.7
JCB,2001-10-08 21:00,0.0,5.3,41,27,270,88.1,35,242,12.7,51,26.6
JCB,2001-10-08 22:00,0.0,4.9,39,28,270,88.1,35,242,13.5,51,27.6
JCB,2001-10-08 23:00,0.0,5.3,35,24,270,88.2,35,242,11.1,51,24.2
JCB,2001-10-09 00:00,0.0,4.2,35,27,270,88.2,35,242,13.0,51,27.0
JCB,2001-10-09 01:00,0.0,2.1,45,15,270,88.2,35,242,7.0,51,17.4
JCB,2001-10-09 02:00,0.0,-0.7,55,0,270,88.1,35,242,3.3,51,9.5
JCB,2001-10-09 03:00,0.0,-3.5,67,0,270,87.9,35,242,3.2,51,9.2
JCB,2001-10-09 04:00,0.0,-3.5,71,2,270,87.6,35,242,3.4,51,9.7
JCB,2001-10-09 05:00,0.0,-2.8,73,0,270,87.3,35,242,2.9,51,8.6
JCB,2001-10-09 06:00,0.0,-2.8,75,9,270,86.9,35,242,4.3,51,12.0
JCB,2001-10-09 07:00,0.0,-0.3,65,10,270,86.7,35,242,4.4,51,12.2
JCB,2001-10-09 08:00,0.0,0.7,59,13,270,86.5,35,242,5.0,51,13.5
JCB,2001-10-09 09:00,0.0,-1.0,67,1,270,86.4,35,242,2.7,51,8.0
JCB,2001-10-09 10:00,0.0,2.1,53,12,270,86.4,35,242,4.7,51,12.7
JCB,2001-10-09 11:00,0.0,7.4,35,15,270,86.6,35,242,5.6,51,14.6
JCB,2001-10-09 12:00,0.0,8.8,27,19,270,87.0,35,242,7.3,51,17.8
JCB,2001-10-09 13:00,0.0,9.5,24,25,270,87.5,36,244,10.6,52,23.7
JCB,2001-10-09 14:00,0.0,8.1,27,25,270,87.8,36,244,11.1,52,24.5
JCB,2001-10-09 15:00,0.0,7.1,27,21,270,88.1,36,244,9.4,52,21.8
JCB,2001-10-09 16:00,0.0,8.5,25,27,270,88.4,36,244,13.3,52,27.8
JCB,2001-10-09 17:00,0.0,6.4,29,21,270,88.5,36,244,10.0,52,22.8
JCB,2001-10-09 18:00,0.0,5.7,33,27,270,88.6,36,244,13.6,52,28.3
JCB,2001-10-09 19:00,0.0,4.6,35,20,270,88.6,36,244,9.6,52,22.2
JCB,2001-10-09 20:00,0.0,3.5,39,15,270,88.6,36,244,7.5,52,18.5
JCB,2001-10-09 21:00,0.0,3.5,39,21,270,88.6,36,244,10.2,52,23.0
JCB,2001-10-09 22:00,0.0,3.9,37,25,270,88.7,36,244,12.5,52,26.6
JCB,2001-10-09 23:00,0.0,3.5,37,16,270,88.7,36,244,8.0,52,19.4
JCB,2001-10-10 00:00,0.0,2.8,39,12,270,88.7,36,244,6.5,52,16.7
JCB,2001-10-10 01:00,0.0,0.7,47,12,270,88.6,36,244,6.4,52,16.5
JCB,2001-10-10 02:00,0.0,-1.7,57,15,270,88.3,36,244,7.2,52,17.9
JCB,2001-10-10 03:00,0.0,-1.7,57,6,270,88.1,36,244,4.4,52,12.4
JCB,2001-10-10 04:00,0.0,-2.0,60,6,270,87.9,36,244,4.3,52,12.0
JCB,2001-10-10 05:00,0.0,-2.8,63,3,270,87.6,36,244,3.6,52,10.4
JCB,2001-10-10 06:00,0.0,-2.4,63,8,270,87.4,36,244,4.4,52,12.4
JCB,2001-10-10 07:00,0.0,-1.0,59,13,270,87.2,36,244,5.5,52,14.7
JCB,2001-10-10 08:00,0.0,0.4,55,1,270,87.1,36,244,3.0,52,8.9
JCB,2001-10-10 09:00,0.0,4.6,43,21,270,87.2,36,244,8.2,52,19.8
JCB,2001-10-10 10:00,0.0,6.4,39,23,270,87.2,36,244,9.2,52,21.4
JCB,2001-10-10 11:00,0.0,7.8,37,16,270,87.3,36,244,6.5,52,16.7
JCB,2001-10-10 12:00,0.0,7.4,37,32,270,87.4,36,244,14.8,52,29.9
JCB,2001-10-10 13:00,0.0,8.1,37,26,270,87.5,37,246,11.1,54,24.7
JCB,2001-10-10 14:00,0.0,9.9,35,10,270,87.6,37,246,5.1,54,13.9
JCB,2001-10-10 15:00,0.0,11.3,31,30,270,87.9,37,246,14.4,54,29.7
JCB,2001-10-10 16:00,0.0,9.9,33,29,270,88.1,37,246,14.1,54,29.1
JCB,2001-10-10 17:00,0.0,8.1,37,28,270,88.1,37,246,13.5,54,28.3
JCB,2001-10-10 18:00,0.0,7.4,37,24,270,88.2,37,246,11.1,54,24.7
JCB,2001-10-10 19:00,0.0,6.7,39,30,270,88.2,37,246,15.1,54,30.6
JCB,2001-10-10 20:00,0.0,6.7,37,20,270,88.3,37,246,9.2,54,21.7
JCB,2001-10-10 21:00,0.0,6.0,39,9,270,88.3,37,246,5.3,54,14.4
JCB,2001-10-10 22:00,0.0,6.0,39,24,270,88.4,37,246,11.4,54,25.2
JCB,2001-10-10 23:00,0.0,5.7,39,17,270,88.4,37,246,8.1,54,19.7
JCB,2001-10-11 00:00,0.0,5.7,41,30,270,88.4,37,246,15.6,54,31.2
JCB,2001-10-11 01:00,0.0,5.7,39,23,270,88.5,37,246,11.0,54,24.6
JCB,2001-10-11 02:00,0.0,5.3,39,12,270,88.5,37,246,6.4,54,16.6
JCB,2001-10-11 03:00,0.0,4.9,39,7,270,88.6,37,246,5.0,54,13.7
JCB,2001-10-11 04:00,0.0,-0.7,59,6,270,88.3,37,246,4.6,54,12.8
JCB,2001-10-11 05:00,0.0,-4.2,73,4,270,87.9,37,246,3.9,54,11.3
JCB,2001-10-11 06:00,0.0,-4.2,73,0,270,87.7,37,246,3.1,54,9.3
JCB,2001-10-11 07:00,0.0,-2.4,71,1,270,87.4,37,246,3.1,54,9.4
JCB,2001-10-11 08:00,0.0,-3.1,75,6,270,87.0,37,246,3.8,54,11.0
JCB,2001-10-11 09:00,0.0,-1.7,82,5,270,86.5,37,246,3.4,54,10.0
JCB,2001-10-11 10:00,0.0,3.9,57,15,270,86.4,37,246,5.5,54,14.8
JCB,2001-10-11 11:00,0.0,5.7,29,24,270,86.8,37,246,9.0,54,21.4
JCB,2001-10-11 12:00,0.0,5.3,27,31,270,87.1,37,246,13.5,54,28.4
JCB,2001-10-11 13:00,0.0,6.0,27,25,270,87.4,38,248,10.4,54,23.9
JCB,2001-10-11 14:00,0.0,6.4,25,28,270,87.8,38,248,12.8,54,27.5
JCB,2001-10-11 15:00,0.0,6.4,25,29,270,88.1,38,248,14.0,54,29.3
JCB,2001-10-11 16:00,0.0,7.1,25,29,270,88.4,38,248,14.6,54,30.2
JCB,2001-10-11 17:00,0.0,6.7,24,24,270,88.6,38,248,11.8,54,26.1
JCB,2001-10-11 18:00,0.0,4.6,27,17,270,88.7,38,248,8.4,54,20.5
JCB,2001-10-11 19:00,0.0,3.5,29,17,270,88.8,38,248,8.5,54,20.6
JCB,2001-10-11 20:00,0.0,0.4,37,8,270,88.8,38,248,5.4,54,14.7
JCB,2001-10-11 21:00,0.0,-2.4,45,4,270,88.7,38,248,4.3,54,12.5
JCB,2001-10-11 22:00,0.0,2.5,35,19,270,88.7,38,248,9.3,54,22.1
JCB,2001-10-11 23:00,0.0,2.1,35,17,270,88.8,38,248,8.5,54,20.6
JCB,2001-10-12 00:00,0.0,1.8,35,20,270,88.8,38,248,9.9,54,23.1
JCB,2001-10-12 01:00,0.0,1.8,33,13,270,88.9,38,248,7.0,54,18.0
JCB,2001-10-12 02:00,0.0,1.4,33,16,270,88.9,38,248,8.2,54,20.2
JCB,2001-10-12 03:00,0.0,-2.1,45,7,270,88.8,38,248,5.1,54,14.2
JCB,2001-10-12 04:00,0.0,1.4,37,5,270,88.8,38,248,4.6,54,13.1
JCB,2001-10-12 05:00,0.0,2.8,35,7,270,88.9,38,248,5.2,54,14.3
JCB,2001-10-12 06:00,0.0,3.2,37,22,270,88.9,38,248,11.0,54,24.9
JCB,2001-10-12 07:00,0.0,3.2,39,25,270,88.8,38,248,12.8,54,27.6
JCB,2001-10-12 08:00,0.0,3.9,37,30,270,88.9,38,248,16.5,54,32.7
JCB,2001-10-12 09:00,0.0,3.9,37,31,270,88.9,38,248,17.4,54,33.9
JCB,2001-10-12 10:00,0.0,4.2,37,26,270,88.9,38,248,13.6,54,28.7
JCB,2001-10-12 11:00,0.0,4.9,37,30,270,88.9,38,248,16.7,54,32.9
JCB,2001-10-12 12:00,0.0,5.7,35,28,270,89.0,38,248,15.2,54,30.9
JCB,2001-10-12 13:00,0.0,7.1,33,30,270,89.0,38,250,16.9,55,33.5
JCB,2001-10-12 14:00,0.0,7.1,33,27,270,89.1,38,250,14.6,55,30.4
JCB,2001-10-12 15:00,0.0,8.5,31,27,270,89.1,38,250,14.7,55,30.6
JCB,2001-10-12 16:00,0.0,7.8,31,34,270,89.2,38,250,21.1,55,38.8
JCB,2001-10-12 17:00,0.0,8.1,31,28,270,89.2,38,250,15.7,55,31.9
JCB,2001-10-12 18:00,0.0,6.4,35,23,270,89.3,38,250,12.3,55,27.1
JCB,2001-10-12 19:00,0.0,4.9,39,23,270,89.2,38,250,12.2,55,27.0
JCB,2001-10-12 20:00,0.0,5.7,37,31,270,89.2,38,250,18.3,55,35.4
JCB,2001-10-12 21:00,0.0,5.3,39,28,270,89.2,38,250,15.7,55,31.9
JCB,2001-10-12 22:00,0.0,6.0,37,15,270,89.2,38,250,8.2,55,20.3
JCB,2001-10-12 23:00,0.0,5.3,39,16,270,89.2,38,250,8.6,55,21.0
JCB,2001-10-13 00:00,0.0,3.9,43,9,270,89.1,38,250,6.0,55,16.1
JCB,2001-10-13 01:00,0.0,4.9,43,26,270,89.0,38,250,13.8,55,29.3
JCB,2001-10-13 02:00,0.0,1.1,61,6,270,88.7,38,250,4.8,55,13.7
JCB,2001-10-13 03:00,0.0,2.5,51,17,270,88.5,38,250,8.2,55,20.3
JCB,2001-10-13 04:00,0.0,3.2,43,26,270,88.5,38,250,12.8,55,27.8
JCB,2001-10-13 05:00,0.0,3.5,39,24,270,88.5,38,250,11.6,55,25.9
JCB,2001-10-13 06:00,0.0,2.5,43,18,270,88.4,38,250,8.5,55,20.9
JCB,2001-10-13 07:00,0.0,0.4,45,6,270,88.4,38,250,4.6,55,13.2
JCB,2001-10-13 08:00,0.0,-2.8,61,11,270,88.1,38,250,5.7,55,15.5
JCB,2001-10-13 09:00,0.0,1.8,43,19,270,88.1,38,250,8.4,55,20.8
JCB,2001-10-13 10:00,0.0,3.5,33,18,270,88.1,38,250,8.1,55,20.1
JCB,2001-10-13 11:00,0.0,3.5,29,28,270,88.2,38,250,13.6,55,29.0
JCB,2001-10-13 12:00,0.0,6.0,25,25,270,88.4,38,250,12.1,55,26.7
JCB,2001-10-13 13:00,0.0,4.2,25,23,270,88.6,39,252,11.2,56,25.5
JCB,2001-10-13 14:00,0.0,6.0,25,19,270,88.8,39,252,9.4,56,22.6
JCB,2001-10-13 15:00,0.0,6.4,25,16,270,89.0,39,252,8.3,56,20.6
JCB,2001-10-13 16:00,0.0,6.0,24,20,270,89.1,39,252,10.4,56,24.2
JCB,2001-10-13 17:00,0.0,5.7,24,17,270,89.3,39,252,9.1,56,22.1
JCB,2001-10-13 18:00,0.0,3.5,27,14,270,89.3,39,252,7.9,56,19.9
JCB,2001-10-13 19:00,0.0,2.5,27,18,270,89.4,39,252,9.7,56,23.1
JCB,2001-10-13 20:00,0.0,2.1,29,11,270,89.4,39,252,6.9,56,18.0
JCB,2001-10-13 21:00,0.0,-1.0,37,6,270,89.4,39,252,5.3,56,14.8
JCB,2001-10-13 22:00,0.0,-2.8,43,1,270,89.3,39,252,4.1,56,12.1
JCB,2001-10-13 23:00,0.0,-3.1,45,4,270,89.2,39,252,4.7,56,13.4
JCB,2001-10-14 00:00,0.0,-4.9,51,0,270,89.1,39,252,3.8,56,11.3
JCB,2001-10-14 01:00,0.0,-5.7,55,0,270,89.0,39,252,3.7,56,11.1
JCB,2001-10-14 02:00,0.0,-6.4,59,0,270,88.8,39,252,3.6,56,10.9
JCB,2001-10-14 03:00,0.0,-6.8,63,0,270,88.6,39,252,3.5,56,10.7
JCB,2001-10-14 04:00,0.0,-7.9,67,0,270,88.4,39,252,3.4,56,10.4
JCB,2001-10-14 05:00,0.0,-8.6,71,0,270,88.2,39,252,3.3,56,10.1
JCB,2001-10-14 06:00,0.0,-8.6,71,0,270,88.0,39,252,3.2,56,9.9
JCB,2001-10-14 07:00,0.0,-6.4,67,0,270,87.8,39,252,3.1,56,9.6
JCB,2001-10-14 08:00,0.0,-6.0,69,1,270,87.5,39,252,3.2,56,9.8
JCB,2001-10-14 09:00,0.0,-3.1,57,4,270,87.4,39,252,3.6,56,10.9
JCB,2001-10-14 10:00,0.0,-2.4,55,0,270,87.3,39,252,2.9,56,9.1
JCB,2001-10-14 11:00,0.0,-1.4,53,20,270,87.2,39,252,7.8,56,19.8
JCB,2001-10-14 12:00,0.0,0.7,37,27,270,87.2,39,252,11.2,56,25.6
JCB,2001-10-14 13:00,0.0,2.5,31,27,270,87.3,39,253,11.4,57,26.0
JCB,2001-10-14 14:00,0.0,2.5,29,24,270,87.5,39,253,10.0,57,23.8
JCB,2001-10-14 15:00,0.0,3.2,25,22,270,87.7,39,253,9.4,57,22.7
JCB,2001-10-14 16:00,0.0,3.5,24,23,270,88.0,39,253,10.2,57,24.1
JCB,2001-10-14 17:00,0.0,3.5,24,14,270,88.2,39,253,6.7,57,17.8
JCB,2001-10-14 18:00,0.0,1.4,27,4,270,88.3,39,253,4.1,57,12.2
JCB,2001-10-14 19:00,0.0,-3.5,47,1,270,88.2,39,253,3.5,57,10.7
JCB,2001-10-14 20:00,0.0,-5.7,53,0,270,88.1,39,253,3.3,57,10.1
JCB,2001-10-14 21:00,0.0,-7.1,57,1,270,88.0,39,253,3.4,57,10.4
JCB,2001-10-14 22:00,0.0,-9.4,67,0,270,87.8,39,253,3.1,57,9.7
JCB,2001-10-14 23:00,0.0,-11.7,76,0,270,87.6,39,253,3.0,57,9.5
JCB,2001-10-15 00:00,0.0,-12.9,80,4,270,87.2,39,253,3.5,57,10.7
JCB,2001-10-15 01:00,0.0,-13.3,80,0,270,86.9,39,253,2.8,57,8.8
JCB,2001-10-15 02:00,0.0,-14.5,84,0,270,86.6,39,253,2.7,57,8.5
JCB,2001-10-15 03:00,0.0,-14.5,78,0,270,86.4,39,253,2.6,57,8.2
JCB,2001-10-15 04:00,0.0,-15.3,84,0,270,86.2,39,253,2.5,57,8.0
JCB,2001-10-15 05:00,0.0,-13.3,80,4,270,85.9,39,253,2.9,57,9.1
JCB,2001-10-15 06:00,0.0,-12.5,71,1,270,85.7,39,253,2.4,57,7.9
JCB,2001-10-15 07:00,0.0,-14.9,84,1,270,85.4,39,253,2.3,57,7.6
JCB,2001-10-15 08:00,0.0,-14.5,88,0,270,85.1,39,253,2.1,57,7.0
JCB,2001-10-15 09:00,0.0,-12.1,80,0,270,84.9,39,253,2.1,57,6.8
JCB,2001-10-15 10:00,0.0,-5.3,51,16,270,85.0,39,253,4.7,57,13.5
JCB,2001-10-15 11:00,0.0,-0.3,33,19,270,85.2,39,253,5.6,57,15.6
JCB,2001-10-15 12:00,0.0,3.9,25,4,270,85.6,39,253,2.8,57,8.8
JCB,2001-10-15 13:00,0.0,7.8,16,3,270,86.2,40,255,2.9,58,9.3
JCB,2001-10-15 14:00,0.0,10.6,14,12,270,87.1,40,255,5.2,58,14.8
JCB,2001-10-15 15:00,0.0,11.7,12,16,270,88.1,40,255,7.3,58,19.1
JCB,2001-10-15 16:00,0.0,10.6,16,7,270,88.6,40,255,5.0,58,14.4
JCB,2001-10-15 17:00,0.0,11.0,16,12,270,89.2,40,255,7.0,58,18.5
JCB,2001-10-15 18:00,0.0,8.5,22,12,270,89.4,40,255,7.2,58,19.0
JCB,2001-10-15 19:00,0.0,1.1,37,5,270,89.4,40,255,5.1,58,14.6
JCB,2001-10-15 20:00,0.0,-2.8,47,1,270,89.3,40,255,4.1,58,12.3
JCB,2001-10-15 21:00,0.0,-2.8,49,4,270,89.1,40,255,4.6,58,13.6
JCB,2001-10-15 22:00,0.0,-3.8,55,3,270,88.9,40,255,4.3,58,12.8
JCB,2001-10-15 23:00,0.0,-3.1,57,0,270,88.8,40,255,3.6,58,11.1
JCB,2001-10-16 00:00,0.0,-3.5,61,2,270,88.6,40,255,3.9,58,11.7
JCB,2001-10-16 01:00,0.0,-4.2,61,0,270,88.4,40,255,3.4,58,10.6
JCB,2001-10-16 02:00,0.0,-4.6,67,0,270,88.2,40,255,3.3,58,10.3
JCB,2001-10-16 03:00,0.0,-6.0,73,4,270,87.8,40,255,3.8,58,11.7
JCB,2001-10-16 04:00,0.0,-6.4,73,2,270,87.5,40,255,3.3,58,10.4
JCB,2001-10-16 05:00,0.0,-7.9,75,1,270,87.2,40,255,3.0,58,9.6
JCB,2001-10-16 06:00,0.0,-8.3,82,4,270,86.8,40,255,3.3,58,10.3
JCB,2001-10-16 07:00,0.0,-7.9,82,2,270,86.4,40,255,2.8,58,9.1
JCB,2001-10-16 08:00,0.0,-8.6,84,2,270,86.0,40,255,2.7,58,8.7
JCB,2001-10-16 09:00,0.0,7.1,47,33,270,86.1,40,255,12.9,58,28.6
JCB,2001-10-16 10:00,0.0,13.1,27,29,270,86.8,40,255,11.7,58,26.6
JCB,2001-10-16 11:00,0.0,15.0,25,15,270,87.4,40,255,6.3,58,17.2
JCB,2001-10-16 12:00,0.0,16.9,20,17,270,88.3,40,255,7.9,58,20.3
JCB,2001-10-16 13:00,0.0,17.7,20,21,270,89.1,43,259,10.9,60,26.0
JCB,2001-10-16 14:00,0.0,16.9,18,25,270,89.9,43,259,14.8,60,32.0
JCB,2001-10-16 15:00,0.0,16.1,20,27,270,90.4,43,259,17.6,60,36.0
JCB,2001-10-16 16:00,0.0,15.8,20,37,270,90.8,43,259,31.1,60,51.7
JCB,2001-10-16 17:00,0.0,13.9,25,43,270,90.9,43,259,41.5,60,61.8
JCB,2001-10-16 18:00,0.0,12.1,35,45,270,90.9,43,259,43.9,60,63.9
JCB,2001-10-16 19:00,0.0,10.6,41,46,270,90.7,43,259,43.6,60,63.7
JCB,2001-10-16 20:00,0.0,11.3,39,18,270,90.6,43,259,11.5,60,27.1
JCB,2001-10-16 21:00,0.0,10.2,41,15,270,90.5,43,259,9.8,60,24.1
JCB,2001-10-16 22:00,0.0,8.8,55,36,270,90.0,43,259,26.2,60,46.4
JCB,2001-10-16 23:00,0.3,6.4,76,24,270,83.5,43,259,5.8,60,16.4
JCB,2001-10-17 00:00,0.0,4.6,84,19,270,83.1,43,259,4.3,60,13.1
JCB,2001-10-17 01:00,0.0,1.4,84,24,270,82.8,43,259,5.3,60,15.4
JCB,2001-10-17 02:00,0.0,0.7,78,17,270,82.7,43,259,3.6,60,11.5
JCB,2001-10-17 03:00,0.0,-1.0,100,18,270,81.6,43,259,3.4,60,10.8
JCB,2001-10-17 04:00,0.0,-0.7,92,22,270,81.1,43,259,3.9,60,12.1
JCB,2001-10-17 05:00,0.0,-2.1,96,1,270,80.7,43,259,1.3,60,4.5
JCB,2001-10-17 06:00,0.0,-1.0,86,2,270,80.6,43,259,1.3,60,4.6
JCB,2001-10-17 07:00,0.0,-3.8,96,0,270,80.3,43,259,1.2,60,4.0
JCB,2001-10-17 08:00,0.0,-1.4,67,12,270,80.4,43,259,2.2,60,7.4
JCB,2001-10-17 09:00,0.0,-0.7,53,17,270,80.7,43,259,2.9,60,9.4
JCB,2001-10-17 10:00,0.0,0.0,63,14,270,80.8,43,259,2.5,60,8.4
JCB,2001-10-17 11:00,0.0,2.1,37,25,270,81.4,43,259,4.7,60,14.0
JCB,2001-10-17 12:00,0.0,2.8,43,22,270,81.8,43,259,4.2,60,12.9
JCB,2001-10-17 13:00,0.0,3.5,43,26,270,82.3,43,260,5.4,61,15.8
JCB,2001-10-17 14:00,0.0,3.5,41,26,270,82.7,43,260,5.7,61,16.5
JCB,2001-10-17 15:00,0.0,3.9,35,24,270,83.2,43,260,5.5,61,16.0
JCB,2001-10-17 16:00,0.0,3.5,33,27,270,83.7,43,260,6.9,61,18.9
JCB,2001-10-17 17:00,0.0,2.8,29,18,270,84.2,43,260,4.7,61,14.1
JCB,2001-10-17 18:00,0.0,1.4,31,11,270,84.5,43,260,3.4,61,11.0
JCB,2001-10-17 19:00,0.0,0.0,37,21,270,84.7,43,260,5.8,61,16.7
JCB,2001-10-17 20:00,0.0,-0.7,37,14,270,84.9,43,260,4.2,61,12.9
JCB,2001-10-17 21:00,0.0,-0.3,33,19,270,85.1,43,260,5.6,61,16.1
JCB,2001-10-17 22:00,0.0,-0.3,33,31,270,85.4,43,260,10.6,61,25.6
JCB,2001-10-17 23:00,0.0,0.0,33,38,270,85.6,43,260,15.5,61,33.2
JCB,2001-10-18 00:00,0.0,-0.3,35,14,270,85.7,43,260,4.7,61,14.2
JCB,2001-10-18 01:00,0.0,-0.7,39,13,270,85.8,43,260,4.5,61,13.7
JCB,2001-10-18 02:00,0.0,-0.3,39,17,270,85.9,43,260,5.6,61,16.1
JCB,2001-10-18 03:00,0.0,0.4,39,14,270,85.9,43,260,4.9,61,14.5
JCB,2001-10-18 04:00,0.0,1.4,39,25,270,86.0,43,260,8.5,61,22.0
JCB,2001-10-18 05:00,0.0,1.8,39,37,270,86.1,43,260,15.8,61,33.6
JCB,2001-10-18 06:00,0.0,2.1,37,32,270,86.2,43,260,12.5,61,28.7
JCB,2001-10-18 07:00,0.0,2.5,39,38,270,86.3,43,260,17.1,61,35.4
JCB,2001-10-18 08:00,0.0,2.8,39,33,270,86.4,43,260,13.4,61,30.1
JCB,2001-10-18 09:00,0.0,3.9,35,40,270,86.5,43,260,19.6,61,38.6
JCB,2001-10-18 10:00,0.0,5.3,35,28,270,86.7,43,260,11.0,61,26.2
JCB,2001-10-18 11:00,0.0,5.7,33,30,270,86.9,43,260,12.5,61,28.7
JCB,2001-10-18 12:00,0.0,6.7,33,39,270,87.1,43,260,20.3,61,39.5
JCB,2001-10-18 13:00,0.0,6.7,31,31,270,87.4,44,262,14.0,62,31.2
JCB,2001-10-18 14:00,0.0,6.4,33,35,270,87.5,44,262,17.5,62,36.2
JCB,2001-10-18 15:00,0.0,5.7,33,29,270,87.6,44,262,13.2,62,29.9
JCB,2001-10-18 16:00,0.0,7.1,33,23,270,87.8,44,262,9.9,62,24.6
JCB,2001-10-18 17:00,0.0,6.4,33,22,270,87.9,44,262,9.6,62,24.0
JCB,2001-10-18 18:00,0.0,4.9,37,21,270,87.9,44,262,9.2,62,23.3
JCB,2001-10-18 19:00,0.0,4.2,37,15,270,88.0,44,262,6.8,62,18.8
JCB,2001-10-18 20:00,0.0,3.9,37,21,270,88.0,44,262,9.3,62,23.5
JCB,2001-10-18 21:00,0.0,3.9,39,20,270,88.1,44,262,8.9,62,22.8
JCB,2001-10-18 22:00,0.0,4.2,39,15,270,88.1,44,262,7.0,62,19.1
JCB,2001-10-18 23:00,0.0,4.2,39,17,270,88.2,44,262,7.7,62,20.7
JCB,2001-10-19 00:00,0.0,4.9,37,27,270,88.2,44,262,12.9,62,29.5
JCB,2001-10-19 01:00,0.0,3.9,41,26,270,88.2,44,262,12.3,62,28.6
JCB,2001-10-19 02:00,0.0,4.6,39,33,270,88.3,44,262,17.6,62,36.4
JCB,2001-10-19 03:00,0.0,4.6,39,22,270,88.3,44,262,10.2,62,25.1
JCB,2001-10-19 04:00,0.0,3.9,39,18,270,88.3,44,262,8.4,62,21.9
JCB,2001-10-19 05:00,0.0,4.6,41,28,270,88.4,44,262,13.9,62,31.0
JCB,2001-10-19 06:00,0.0,4.6,43,32,270,88.3,44,262,16.9,62,35.4
JCB,2001-10-19 07:00,0.0,4.2,43,20,270,88.3,44,262,9.2,62,23.4
JCB,2001-10-19 08:00,0.0,-0.3,63,0,270,88.1,44,262,3.3,62,10.7
JCB,2001-10-19 09:00,0.0,-1.4,67,7,270,87.8,44,262,4.4,62,13.6
JCB,2001-10-19 10:00,0.0,3.2,51,0,270,87.8,44,262,3.1,62,10.2
JCB,2001-10-19 11:00,0.0,7.4,37,13,270,87.8,44,262,6.0,62,17.2
JCB,2001-10-19 12:00,0.0,7.8,35,28,270,87.9,44,262,13.0,62,29.6
JCB,2001-10-19 13:00,0.0,8.1,31,27,270,88.1,45,264,12.7,63,29.4
JCB,2001-10-19 14:00,0.0,8.5,33,25,270,88.2,45,264,11.6,63,27.7
JCB,2001-10-19 15:00,0.0,7.8,31,19,270,88.3,45,264,8.7,63,22.8
JCB,2001-10-19 16:00,0.0,6.0,41,20,270,88.3,45,264,9.2,63,23.7
JCB,2001-10-19 17:00,0.0,6.0,47,18,270,88.3,45,264,8.3,63,21.9
JCB,2001-10-19 18:00,0.0,4.2,61,17,270,88.0,45,264,7.5,63,20.5
JCB,2001-10-19 19:00,0.0,2.8,67,2,270,87.7,45,264,3.4,63,11.1
JCB,2001-10-19 20:00,0.0,1.4,76,1,270,87.3,45,264,3.1,63,10.2
JCB,2001-10-19 21:00,0.0,-3.5,90,0,270,86.8,45,264,2.7,63,9.2
JCB,2001-10-19 22:00,0.0,-4.6,98,1,270,86.0,45,264,2.5,63,8.7
JCB,2001-10-19 23:00,0.0,-5.3,96,0,270,85.4,45,264,2.2,63,7.8
JCB,2001-10-20 00:00,0.0,-6.4,96,0,270,84.9,45,264,2.1,63,7.3
JCB,2001-10-20 01:00,0.0,-7.9,98,0,270,84.3,45,264,1.9,63,6.8
JCB,2001-10-20 02:00,0.0,-9.0,98,3,270,83.7,45,264,2.0,63,7.2
JCB,2001-10-20 03:00,0.0,-8.6,98,3,270,83.0,45,264,1.9,63,6.7
JCB,2001-10-20 04:00,0.0,-5.3,78,8,270,82.9,45,264,2.4,63,8.2
JCB,2001-10-20 05:00,0.0,-4.6,76,7,270,82.8,45,264,2.2,63,7.8
JCB,2001-10-20 06:00,0.0,-4.6,80,0,270,82.7,45,264,1.5,63,5.5
JCB,2001-10-20 07:00,0.0,-5.7,86,1,270,82.5,45,264,1.6,63,5.7
JCB,2001-10-20 08:00,0.0,-5.3,86,0,270,82.3,45,264,1.5,63,5.3
JCB,2001-10-20 09:00,0.0,-5.7,86,0,270,82.1,45,264,1.4,63,5.2
JCB,2001-10-20 10:00,0.0,-3.8,82,0,270,82.0,45,264,1.4,63,5.1
JCB,2001-10-20 11:00,0.0,1.1,61,10,270,82.1,45,264,2.4,63,8.3
JCB,2001-10-20 12:00,0.0,2.5,53,8,270,82.3,45,264,2.2,63,7.7
JCB,2001-10-20 13:00,0.0,2.8,53,12,270,82.5,45,265,2.8,63,9.4
JCB,2001-10-20 14:00,2.5,5.3,43,12,270,45.5,45,265,0.2,63,0.3
JCB,2001-10-20 15:00,0.0,6.7,27,12,270,48.7,45,265,0.3,63,0.5
JCB,2001-10-20 16:00,0.0,6.0,27,23,270,52.2,45,265,0.7,63,2.0
JCB,2001-10-20 17:00,0.0,5.3,29,24,270,55.3,45,265,1.0,63,3.3
JCB,2001-10-20 18:00,0.0,3.2,33,22,270,57.8,45,265,1.1,63,3.8
JCB,2001-10-20 19:00,0.0,1.8,37,7,270,59.6,45,265,0.6,63,1.5
JCB,2001-10-20 20:00,0.0,-0.7,59,12,270,60.8,45,265,0.8,63,2.6
JCB,2001-10-20 21:00,0.0,-3.5,76,3,270,61.3,45,265,0.5,63,1.2
JCB,2001-10-20 22:00,0.0,-4.9,82,0,270,61.6,45,265,0.4,63,0.9
JCB,2001-10-20 23:00,0.0,-5.3,88,0,270,61.7,45,265,0.5,63,0.9
JCB,2001-10-21 00:00,0.0,-3.8,82,0,270,62.0,45,265,0.5,63,0.9
JCB,2001-10-21 01:00,0.0,-3.8,82,0,270,62.2,45,265,0.5,63,0.9
JCB,2001-10-21 02:00,0.0,-3.5,80,0,270,62.5,45,265,0.5,63,0.9
JCB,2001-10-21 03:00,0.0,-3.1,86,1,270,62.7,45,265,0.5,63,1.0
JCB,2001-10-21 04:00,0.0,-2.4,86,0,270,62.9,45,265,0.5,63,1.0
JCB,2001-10-21 05:00,0.0,-2.4,86,2,270,63.2,45,265,0.5,63,1.3
JCB,2001-10-21 06:00,0.0,-2.1,82,7,270,63.7,45,265,0.7,63,2.2
JCB,2001-10-21 07:00,0.0,-2.4,82,7,270,64.1,45,265,0.7,63,2.3
JCB,2001-10-21 08:00,0.0,-2.8,84,3,270,64.4,45,265,0.6,63,1.7
JCB,2001-10-21 09:00,0.0,-3.1,88,0,270,64.6,45,265,0.5,63,1.2
JCB,2001-10-21 10:00,0.0,-2.4,82,7,270,65.0,45,265,0.8,63,2.4
JCB,2001-10-21 11:00,0.0,-0.7,73,0,270,65.4,45,265,0.5,63,1.3
JCB,2001-10-21 12:00,0.0,0.4,69,3,270,66.0,45,265,0.6,63,1.9
JCB,2001-10-21 13:00,0.0,2.8,59,11,270,67.1,38,267,1.0,56,3.1
JCB,2001-10-21 14:00,0.0,4.2,51,15,270,68.4,38,267,1.3,56,4.1
JCB,2001-10-21 15:00,0.0,3.9,51,16,270,69.6,38,267,1.4,56,4.5
JCB,2001-10-21 16:00,0.0,3.2,51,18,270,70.8,38,267,1.6,56,5.2
JCB,2001-10-21 17:00,0.0,1.1,78,4,270,71.1,38,267,0.8,56,2.3
JCB,2001-10-21 18:00,0.0,-0.3,88,12,270,71.3,38,267,1.2,56,3.9
JCB,2001-10-21 19:00,0.0,-0.7,84,6,270,71.6,38,267,0.9,56,2.7
JCB,2001-10-21 20:00,0.0,-1.4,84,9,270,71.8,38,267,1.0,56,3.3
JCB,2001-10-21 21:00,0.0,-2.1,86,4,270,71.9,38,267,0.8,56,2.4
JCB,2001-10-21 22:00,0.0,-2.8,88,0,270,72.0,38,267,0.7,56,1.8
JCB,2001-10-21 23:00,0.0,-3.8,94,0,270,72.1,38,267,0.7,56,1.8
JCB,2001-10-22 00:00,0.0,-3.8,94,0,270,72.1,38,267,0.7,56,1.8
JCB,2001-10-22 01:00,0.0,-3.8,96,0,270,72.2,38,267,0.7,56,1.8
JCB,2001-10-22 02:00,0.0,-4.6,96,0,270,72.2,38,267,0.7,56,1.8
JCB,2001-10-22 03:00,0.0,-5.3,98,0,270,72.2,38,267,0.7,56,1.8
JCB,2001-10-22 04:00,0.0,-5.7,98,0,270,72.3,38,267,0.7,56,1.8
JCB,2001-10-22 05:00,0.0,-5.7,98,0,270,72.3,38,267,0.7,56,1.8
JCB,2001-10-22 06:00,0.0,-6.0,98,0,270,72.3,38,267,0.7,56,1.8
JCB,2001-10-22 07:00,0.0,-6.8,98,0,270,72.3,38,267,0.7,56,1.8
JCB,2001-10-22 08:00,0.0,-7.1,98,0,270,72.4,38,267,0.7,56,1.8
JCB,2001-10-22 09:00,0.0,-6.8,98,0,270,72.4,38,267,0.7,56,1.8
JCB,2001-10-22 10:00,0.0,-4.9,98,0,270,72.4,38,267,0.7,56,1.8
JCB,2001-10-22 11:00,0.0,-0.7,78,1,270,72.6,38,267,0.7,56,2.0
JCB,2001-10-22 12:00,0.0,3.9,55,5,270,73.3,38,267,0.9,56,2.8
JCB,2001-10-22 13:00,0.0,7.1,31,16,270,74.8,39,269,1.7,57,5.7
JCB,2001-10-22 14:00,0.0,7.8,29,15,270,76.3,39,269,1.8,57,5.9
JCB,2001-10-22 15:00,0.0,7.4,31,18,270,77.6,39,269,2.3,57,7.4
JCB,2001-10-22 16:00,0.0,7.1,31,18,270,78.8,39,269,2.5,57,8.1
JCB,2001-10-22 17:00,0.0,5.7,33,21,270,79.7,39,269,3.2,57,10.0
JCB,2001-10-22 18:00,0.0,4.6,37,11,270,80.4,39,269,2.1,57,6.8
JCB,2001-10-22 19:00,0.0,1.4,49,0,270,80.6,39,269,1.2,57,4.0
JCB,2001-10-22 20:00,0.0,-3.1,63,0,270,80.7,39,269,1.2,57,4.0
JCB,2001-10-22 21:00,0.0,-2.8,63,0,270,80.8,39,269,1.2,57,4.1
JCB,2001-10-22 22:00,0.0,-3.1,67,3,270,80.8,39,269,1.4,57,4.8
JCB,2001-10-22 23:00,0.0,-2.8,71,0,270,80.9,39,269,1.2,57,4.1
JCB,2001-10-23 00:00,0.0,-4.9,78,0,270,80.9,39,269,1.2,57,4.1
JCB,2001-10-23 01:00,0.0,-4.9,88,1,270,80.7,39,269,1.3,57,4.3
JCB,2001-10-23 02:00,0.0,-4.6,96,0,270,80.4,39,269,1.2,57,3.9
JCB,2001-10-23 03:00,0.0,-4.6,96,0,270,80.1,39,269,1.1,57,3.8
JCB,2001-10-23 04:00,0.0,-4.9,94,1,270,79.8,39,269,1.2,57,3.9
JCB,2001-10-23 05:00,0.0,-4.9,94,4,270,79.6,39,269,1.3,57,4.4
JCB,2001-10-23 06:00,0.0,-4.6,94,7,270,79.3,39,269,1.5,57,5.0
JCB,2001-10-23 07:00,0.0,-4.6,94,0,270,79.1,39,269,1.0,57,3.3
JCB,2001-10-23 08:00,0.0,-4.9,96,2,270,78.8,39,269,1.1,57,3.6
JCB,2001-10-23 09:00,0.0,-3.5,92,16,270,78.6,39,269,2.2,57,7.3
JCB,2001-10-23 10:00,0.0,-2.8,90,9,270,78.5,39,269,1.5,57,5.2
JCB,2001-10-23 11:00,0.0,-1.7,88,10,270,78.5,39,269,1.6,57,5.4
JCB,2001-10-23 12:00,0.0,-0.3,80,10,270,78.5,39,269,1.6,57,5.4
JCB,2001-10-23 13:00,0.0,2.1,71,9,270,78.7,39,270,1.6,58,5.3
JCB,2001-10-23 14:00,0.0,3.2,61,12,270,79.0,39,270,1.9,58,6.3
JCB,2001-10-23 15:00,0.0,1.8,75,14,270,79.1,39,270,2.1,58,7.0
JCB,2001-10-23 16:00,0.0,0.7,86,13,270,79.1,39,270,2.0,58,6.7
JCB,2001-10-23 17:00,0.3,-0.7,94,12,270,73.8,39,270,1.3,58,4.4
JCB,2001-10-23 18:00,0.0,-1.4,98,9,270,73.8,39,270,1.1,58,3.7
JCB,2001-10-23 19:00,0.0,-2.1,98,6,270,73.7,39,270,1.0,58,3.1
JCB,2001-10-23 20:00,0.0,-2.4,98,12,270,73.7,39,270,1.3,58,4.4
JCB,2001-10-23 21:00,0.0,-2.4,98,0,270,73.6,39,270,0.7,58,2.0
JCB,2001-10-23 22:00,0.0,-2.8,98,0,270,73.6,39,270,0.7,58,2.0
JCB,2001-10-23 23:00,0.0,-3.1,100,14,270,73.4,39,270,1.4,58,4.8
JCB,2001-10-24 00:00,0.0,-3.1,98,7,270,73.4,39,270,1.0,58,3.2
JCB,2001-10-24 01:00,0.0,-3.5,98,0,270,73.4,39,270,0.7,58,2.0
JCB,2001-10-24 02:00,0.0,-3.5,98,0,270,73.4,39,270,0.7,58,2.0
JCB,2001-10-24 03:00,0.0,-3.1,98,1,270,73.3,39,270,0.7,58,2.1
JCB,2001-10-24 04:00,0.0,-3.5,100,0,270,73.3,39,270,0.7,58,2.0
JCB,2001-10-24 05:00,0.0,-3.1,98,9,270,73.2,39,270,1.1,58,3.6
JCB,2001-10-24 06:00,0.0,-3.8,98,0,270,73.2,39,270,0.7,58,2.0
JCB,2001-10-24 07:00,0.0,-4.2,100,0,270,73.1,39,270,0.7,58,2.0
JCB,2001-10-24 08:00,0.0,-4.9,100,0,270,73.1,39,270,0.7,58,1.9
JCB,2001-10-24 09:00,0.0,-6.0,100,1,270,73.0,39,270,0.7,58,2.1
JCB,2001-10-24 10:00,0.0,-5.7,100,1,270,72.9,39,270,0.7,58,2.1
JCB,2001-10-24 11:00,0.0,-3.1,94,10,270,72.9,39,270,1.1,58,3.8
JCB,2001-10-24 12:00,0.0,-0.7,45,21,270,73.8,39,270,2.1,58,6.9
JCB,2001-10-24 13:00,14.0,0.7,35,19,270,16.5,17,232,0.0,29,0.0
JCB,2001-10-24 14:00,0.0,0.4,33,28,270,20.1,17,232,0.0,29,0.0
JCB,2001-10-24 15:00,0.0,1.1,29,21,270,23.7,17,232,0.0,29,0.0
JCB,2001-10-24 16:00,0.0,1.1,29,31,270,27.5,17,232,0.0,29,0.0
JCB,2001-10-24 17:00,0.0,0.7,33,27,270,31.0,17,232,0.0,29,0.0
JCB,2001-10-24 18:00,0.0,-0.7,35,21,270,34.0,17,232,0.0,29,0.0
JCB,2001-10-24 19:00,0.0,-3.1,53,4,270,35.6,17,232,0.0,29,0.0
JCB,2001-10-24 20:00,0.0,-4.9,67,0,270,36.3,17,232,0.0,29,0.0
JCB,2001-10-24 21:00,0.0,-5.3,75,1,270,37.1,17,232,0.0,29,0.0
JCB,2001-10-24 22:00,0.0,-6.0,82,6,270,37.9,17,232,0.0,29,0.0
JCB,2001-10-24 23:00,0.0,-6.0,84,5,270,38.6,17,232,0.0,29,0.0
JCB,2001-10-25 00:00,0.0,-7.5,92,4,270,39.0,17,232,0.0,29,0.0
JCB,2001-10-25 01:00,0.0,-9.8,92,0,270,39.1,17,232,0.0,29,0.0
JCB,2001-10-25 02:00,0.0,-10.5,98,0,270,39.2,17,232,0.0,29,0.0
JCB,2001-10-25 03:00,0.0,-12.5,98,0,270,39.3,17,232,0.0,29,0.0
JCB,2001-10-25 04:00,0.0,-12.5,96,0,270,39.3,17,232,0.0,29,0.0
JCB,2001-10-25 05:00,0.0,-12.1,96,0,270,39.4,17,232,0.0,29,0.0
JCB,2001-10-25 06:00,0.0,-13.7,92,2,270,39.7,17,232,0.0,29,0.0
JCB,2001-10-25 07:00,0.0,-14.9,90,0,270,39.8,17,232,0.0,29,0.0
JCB,2001-10-25 08:00,0.0,-15.7,92,0,270,40.0,17,232,0.0,29,0.0
JCB,2001-10-25 09:00,0.0,-14.9,96,0,270,40.1,17,232,0.0,29,0.0
JCB,2001-10-25 10:00,0.0,-9.4,98,2,270,40.2,17,232,0.0,29,0.0
JCB,2001-10-25 11:00,0.0,-5.3,69,8,270,41.4,17,232,0.1,29,0.1
JCB,2001-10-25 12:00,0.0,-1.0,51,0,270,42.5,17,232,0.1,29,0.1
JCB,2001-10-25 13:00,0.0,0.7,49,13,270,44.7,18,232,0.2,30,0.2
JCB,2001-10-25 14:00,1.0,0.7,51,19,270,37.5,18,232,0.1,30,0.1
JCB,2001-10-25 15:00,0.0,1.1,49,14,270,39.9,18,232,0.1,30,0.1
JCB,2001-10-25 16:00,0.0,1.8,45,8,270,42.2,18,232,0.1,30,0.1
JCB,2001-10-25 17:00,0.0,2.1,29,9,270,44.8,18,232,0.1,30,0.1
JCB,2001-10-25 18:00,0.0,-1.7,43,4,270,46.5,18,232,0.1,30,0.1
JCB,2001-10-25 19:00,0.0,-4.2,69,6,270,47.6,18,232,0.2,30,0.2
JCB,2001-10-25 20:00,0.0,-5.7,82,0,270,48.0,18,232,0.1,30,0.1
JCB,2001-10-25 21:00,0.0,-8.3,92,0,270,48.1,18,232,0.1,30,0.2
JCB,2001-10-25 22:00,0.0,-9.8,88,1,270,48.4,18,232,0.1,30,0.2
JCB,2001-10-25 23:00,0.0,-9.0,94,1,270,48.6,18,232,0.1,30,0.2
JCB,2001-10-26 00:00,0.0,-9.0,88,4,270,48.9,18,232,0.2,30,0.2
JCB,2001-10-26 01:00,0.0,-10.5,94,0,270,49.1,18,232,0.1,30,0.2
JCB,2001-10-26 02:00,0.0,-12.5,96,1,270,49.2,18,232,0.2,30,0.2
JCB,2001-10-26 03:00,0.0,-12.9,94,3,270,49.3,18,232,0.2,30,0.2
JCB,2001-10-26 04:00,0.0,-13.3,94,0,270,49.4,18,232,0.2,30,0.2
JCB,2001-10-26 05:00,0.0,-13.3,96,0,270,49.5,18,232,0.2,30,0.2
JCB,2001-10-26 06:00,0.0,-13.7,94,0,270,49.6,18,232,0.2,30,0.2
JCB,2001-10-26 07:00,0.0,-13.3,96,3,270,49.7,18,232,0.2,30,0.2
JCB,2001-10-26 08:00,0.0,-13.7,94,0,270,49.8,18,232,0.2,30,0.2
JCB,2001-10-26 09:00,0.0,-12.1,96,2,270,50.0,18,232,0.2,30,0.2
JCB,2001-10-26 10:00,0.0,-10.1,94,5,270,50.2,18,232,0.2,30,0.3
JCB,2001-10-26 11:00,0.0,-5.3,86,4,270,50.6,18,232,0.2,30,0.3
JCB,2001-10-26 12:00,0.0,0.4,73,5,270,51.7,18,232,0.3,30,0.3
JCB,2001-10-26 13:00,0.0,13.9,31,22,270,55.9,19,236,0.9,32,1.5
JCB,2001-10-26 14:00,0.0,13.1,35,32,270,59.9,19,236,2.0,32,4.5
JCB,2001-10-26 15:00,0.0,12.4,37,45,270,63.6,19,236,4.5,32,9.4
JCB,2001-10-26 16:00,0.0,12.8,37,44,270,67.0,19,236,5.0,32,10.2
JCB,2001-10-26 17:00,0.0,12.1,35,47,270,70.1,19,236,5.9,32,11.8
JCB,2001-10-26 18:00,0.0,10.6,39,49,270,72.5,19,236,6.7,32,13.0
JCB,2001-10-26 19:00,0.0,9.2,41,54,270,74.5,19,236,7.9,32,14.8
JCB,2001-10-26 20:00,0.0,9.2,45,46,270,76.0,19,236,7.5,32,14.3
JCB,2001-10-26 21:00,0.0,8.5,47,46,270,77.3,19,236,8.2,32,15.3
JCB,2001-10-26 22:00,0.0,8.1,49,44,270,78.3,19,236,8.5,32,15.7
JCB,2001-10-26 23:00,0.0,7.8,53,40,270,79.1,19,236,7.8,32,14.7
JCB,2001-10-27 00:00,0.0,7.4,55,26,270,79.7,19,236,4.1,32,8.7
JCB,2001-10-27 01:00,0.0,6.4,59,8,270,80.0,19,236,1.7,32,3.7
JCB,2001-10-27 02:00,0.0,5.7,69,8,270,80.2,19,236,1.7,32,3.8
JCB,2001-10-27 03:00,0.0,4.9,75,8,270,80.3,19,236,1.7,32,3.8
JCB,2001-10-27 04:00,0.0,2.8,84,0,270,80.3,19,236,1.2,32,2.3
JCB,2001-10-27 05:00,0.0,-0.3,82,12,270,80.3,19,236,2.1,32,4.7
JCB,2001-10-27 06:00,0.0,-1.0,82,12,270,80.3,19,236,2.1,32,4.7
JCB,2001-10-27 07:00,0.0,-1.0,84,0,270,80.2,19,236,1.2,32,2.3
JCB,2001-10-27 08:00,0.0,-1.0,82,0,270,80.2,19,236,1.2,32,2.3
JCB,2001-10-27 09:00,0.0,-1.0,80,0,270,80.3,19,236,1.2,32,2.3
JCB,2001-10-27 10:00,0.0,-0.3,76,0,270,80.3,19,236,1.2,32,2.3
JCB,2001-10-27 11:00,0.0,0.4,63,10,270,80.5,19,236,2.0,32,4.3
JCB,2001-10-27 12:00,0.0,0.4,65,11,270,80.6,19,236,2.1,32,4.6
JCB,2001-10-27 13:00,0.0,0.7,65,6,270,80.7,19,236,1.7,32,3.6
JCB,2001-10-27 14:00,0.0,1.4,67,12,270,80.8,19,236,2.3,32,5.0
JCB,2001-10-27 15:00,0.0,0.4,78,17,270,80.8,19,236,2.9,32,6.4
JCB,2001-10-27 16:00,0.0,-1.0,94,11,270,80.4,19,236,2.1,32,4.6
JCB,2001-10-27 17:00,0.0,-1.4,92,2,270,80.2,19,236,1.3,32,2.6
JCB,2001-10-27 18:00,0.0,-2.4,100,5,270,79.5,19,236,1.4,32,2.9
JCB,2001-10-27 19:00,0.0,-2.4,98,9,270,79.0,19,236,1.6,32,3.5
JCB,2001-10-27 20:00,0.0,-2.4,96,6,270,78.7,19,236,1.4,32,2.8
JCB,2001-10-27 21:00,0.0,-3.5,94,0,270,78.5,19,236,1.0,32,1.7
JCB,2001-10-27 22:00,0.0,-3.8,98,3,270,78.2,19,236,1.1,32,2.1
JCB,2001-10-27 23:00,0.0,-4.9,98,0,270,77.9,19,236,0.9,32,1.6
JCB,2001-10-28 00:00,0.0,-6.0,98,2,270,77.6,19,236,1.0,32,1.8
JCB,2001-10-28 01:00,0.0,-8.6,98,2,270,77.4,19,236,1.0,32,1.7
JCB,2001-10-28 02:00,0.0,-7.5,96,9,270,77.1,19,236,1.4,32,2.9
JCB,2001-10-28 03:00,0.0,-9.0,92,8,270,77.0,19,236,1.3,32,2.7
JCB,2001-10-28 04:00,0.0,-9.8,88,9,270,77.1,19,236,1.4,32,2.9
JCB,2001-10-28 05:00,0.0,-10.5,88,11,270,77.1,19,236,1.5,32,3.2
JCB,2001-10-28 06:00,0.0,-11.3,88,2,270,77.1,19,236,1.0,32,1.7
JCB,2001-10-28 07:00,0.0,-11.7,84,16,270,77.1,19,236,2.0,32,4.3
JCB,2001-10-28 08:00,0.0,-11.7,82,17,270,77.2,19,236,2.1,32,4.6
JCB,2001-10-28 09:00,0.0,-9.8,76,16,270,77.2,19,236,2.0,32,4.4
JCB,2001-10-28 10:00,0.0,-6.8,67,27,270,77.5,19,236,3.5,32,7.6
JCB,2001-10-28 11:00,0.0,-5.3,63,28,270,77.7,19,236,3.8,32,8.1
JCB,2001-10-28 12:00,0.0,-3.5,61,24,270,78.0,19,236,3.2,32,6.9
JCB,2001-10-28 13:00,0.3,-1.7,57,21,270,73.5,19,237,2.0,32,4.5
JCB,2001-10-28 14:00,0.0,-0.7,55,19,270,74.2,19,237,1.9,32,4.2
JCB,2001-10-28 15:00,0.0,-0.3,49,15,270,74.9,19,237,1.6,32,3.5
JCB,2001-10-28 16:00,0.0,0.0,43,9,270,75.6,19,237,1.2,32,2.5
JCB,2001-10-28 17:00,0.0,-3.5,65,4,270,75.9,19,237,1.0,32,1.7
JCB,2001-10-28 18:00,0.0,-4.6,75,0,270,76.0,19,237,0.8,32,1.0
JCB,2001-10-28 19:00,0.0,-6.0,84,1,270,76.0,19,237,0.9,32,1.3
JCB,2001-10-28 20:00,0.0,-7.1,84,1,270,76.1,19,237,0.9,32,1.3
JCB,2001-10-28 21:00,0.0,-9.4,88,3,270,76.1,19,237,1.0,32,1.6
JCB,2001-10-28 22:00,0.0,-7.5,78,0,270,76.2,19,237,0.8,32,1.1
JCB,2001-10-28 23:00,0.0,-7.9,76,3,270,76.3,19,237,1.0,32,1.7
JCB,2001-10-29 00:00,0.0,-6.4,69,31,270,76.5,19,237,4.0,32,8.6
JCB,2001-10-29 01:00,0.0,-6.0,67,27,270,76.8,19,237,3.3,32,7.3
JCB,2001-10-29 02:00,0.0,-6.4,69,29,270,77.0,19,237,3.8,32,8.1
JCB,2001-10-29 03:00,0.0,-5.7,67,28,270,77.3,19,237,3.6,32,7.9
JCB,2001-10-29 04:00,0.0,-6.4,71,28,270,77.5,19,237,3.7,32,8.0
JCB,2001-10-29 05:00,0.0,-6.8,73,24,270,77.6,19,237,3.1,32,6.7
JCB,2001-10-29 06:00,0.0,-6.0,69,20,270,77.8,19,237,2.5,32,5.6
JCB,2001-10-29 07:00,0.0,-5.3,67,19,270,77.9,19,237,2.4,32,5.4
JCB,2001-10-29 08:00,0.0,-4.6,61,27,270,78.2,19,237,3.7,32,8.0
JCB,2001-10-29 09:00,0.0,-4.2,63,14,270,78.4,19,237,2.0,32,4.4
JCB,2001-10-29 10:00,0.0,-3.8,59,19,270,78.7,19,237,2.6,32,5.8
JCB,2001-10-29 11:00,0.0,-0.3,45,23,270,79.2,19,237,3.4,32,7.3
JCB,2001-10-29 12:00,0.0,1.8,41,25,270,79.9,19,237,4.0,32,8.5
JCB,2001-10-29 13:00,0.5,3.9,33,16,270,71.0,20,238,1.4,33,3.1
JCB,2001-10-29 14:00,0.5,4.2,35,20,270,64.1,20,238,1.4,33,3.0
JCB,2001-10-29 15:00,0.0,4.6,35,29,270,66.3,20,238,2.4,33,5.4
JCB,2001-10-29 16:00,0.0,4.6,33,24,270,68.3,20,238,2.0,33,4.4
JCB,2001-10-29 17:00,0.0,2.1,51,14,270,69.5,20,238,1.2,33,2.6
JCB,2001-10-29 18:00,0.0,-1.4,63,0,270,69.8,20,238,0.6,33,0.8
JCB,2001-10-29 19:00,0.0,-3.5,75,1,270,70.1,20,238,0.7,33,0.8
JCB,2001-10-29 20:00,0.0,3.2,33,24,270,71.7,20,238,2.2,33,5.0
JCB,2001-10-29 21:00,0.0,3.2,29,31,270,73.4,20,238,3.4,33,7.4
JCB,2001-10-29 22:00,0.0,3.5,29,26,270,74.9,20,238,2.8,33,6.3
JCB,2001-10-29 23:00,0.0,3.9,27,33,270,76.4,20,238,4.4,33,9.4
JCB,2001-10-30 00:00,0.0,3.5,31,36,270,77.6,20,238,5.6,33,11.5
JCB,2001-10-30 01:00,0.0,2.5,35,31,270,78.6,20,238,4.7,33,10.0
JCB,2001-10-30 02:00,0.0,3.2,33,25,270,79.5,20,238,3.8,33,8.3
JCB,2001-10-30 03:00,0.0,3.5,33,18,270,80.3,20,238,2.9,33,6.5
JCB,2001-10-30 04:00,0.0,2.1,37,9,270,80.8,20,238,2.0,33,4.4
JCB,2001-10-30 05:00,0.0,0.7,45,3,270,81.1,20,238,1.5,33,3.2
JCB,2001-10-30 06:00,0.0,0.0,41,7,270,81.5,20,238,1.9,33,4.2
JCB,2001-10-30 07:00,0.0,-0.3,47,11,270,81.7,20,238,2.4,33,5.4
JCB,2001-10-30 08:00,0.0,-0.7,51,4,270,81.9,20,238,1.7,33,3.8
JCB,2001-10-30 09:00,0.0,2.1,37,9,270,82.3,20,238,2.3,33,5.2
JCB,2001-10-30 10:00,0.0,0.7,51,18,270,82.5,20,238,3.7,33,8.2
JCB,2001-10-30 11:00,0.0,3.5,37,13,270,82.9,20,238,3.1,33,6.8
JCB,2001-10-30 12:00,0.0,3.9,37,20,270,83.3,20,238,4.6,33,9.8
JCB,2001-10-30 13:00,0.0,4.9,33,30,270,83.9,20,240,8.2,34,15.7
JCB,2001-10-30 14:00,0.0,5.3,31,30,270,84.4,20,240,8.8,34,16.6
JCB,2001-10-30 15:00,0.0,6.4,35,22,270,84.8,20,240,6.2,34,12.7
JCB,2001-10-30 16:00,0.0,6.7,39,19,270,85.1,20,240,5.6,34,11.6
JCB,2001-10-30 17:00,0.0,5.7,49,21,270,85.2,20,240,6.2,34,12.7
JCB,2001-10-30 18:00,0.0,4.6,55,16,270,85.2,20,240,4.9,34,10.4
JCB,2001-10-30 19:00,0.0,1.1,65,0,270,85.2,20,240,2.2,34,4.9
JCB,2001-10-30 20:00,0.0,-1.4,78,0,270,85.0,20,240,2.1,34,4.8
JCB,2001-10-30 21:00,0.0,-3.1,84,1,270,84.7,20,240,2.1,34,4.8
JCB,2001-10-30 22:00,0.0,-3.5,86,1,270,84.3,20,240,2.0,34,4.6
JCB,2001-10-30 23:00,0.0,-3.1,86,7,270,84.0,20,240,2.6,34,5.9