Scenario;datetime;APCP;TMP;RH;WS;WD;FFMC;DMC;DC;ISI;BUI;FWI
JCB;2001-09-25 00:00;0.0;2.5;94;2;360;80.9;58;482;1.4;89;6.4
JCB;2001-09-25 01:00;0.0;1.1;96;2;360;79.5;58;482;1.2;89;5.5
JCB;2001-09-25 02:00;0.0;-0.3;98;1;360;78.1;58;482;1.0;89;4.6
JCB;2001-09-25 03:00;0.0;-0.7;98;3;360;76.7;58;482;1.0;89;4.6
JCB;2001-09-25 04:00;0.0;-0.3;94;0;0;75.4;58;482;0.8;89;3.5
JCB;2001-09-25 05:00;0.0;1.8;82;2;360;74.1;58;482;0.8;89;3.6
JCB;2001-09-25 06:00;0.0;2.5;78;9;360;72.8;58;482;1.1;89;5.0
JCB;2001-09-25 07:00;0.0;2.1;80;5;360;73.8;58;482;0.9;89;4.2
JCB;2001-09-25 08:00;0.0;2.8;78;2;360;72.9;58;482;0.8;89;3.4
JCB;2001-09-25 09:00;0.0;4.9;78;6;360;74.3;58;482;1.0;89;4.6
JCB;2001-09-25 10:00;0.0;12.1;43;11;360;81.3;58;482;2.3;89;9.9
JCB;2001-09-25 11:00;0.0;16.9;33;18;360;86.9;58;482;6.8;89;22.8
JCB;2001-09-25 12:00;0.0;21.3;24;5;360;90.1;58;482;5.6;89;19.8
JCB;2001-09-25 13:00;0.0;23.3;14;4;360;92.1;62;488;7.1;94;24.2
JCB;2001-09-25 14:00;0.0;24.2;14;9;360;92.7;62;488;10.0;94;30.5
JCB;2001-09-25 15:00;0.0;25.1;14;12;360;93.3;62;488;12.6;94;35.6
JCB;2001-09-25 16:00;0.0;26.9;10;13;360;93.8;62;488;14.2;94;38.6
JCB;2001-09-25 17:00;0.0;27.3;10;7;360;94.3;62;488;11.3;94;33.1
JCB;2001-09-25 18:00;0.0;25.1;14;15;360;93.7;62;488;15.5;94;40.8
JCB;2001-09-25 19:00;0.0;22.1;20;6;360;93.1;62;488;9.1;94;28.6
JCB;2001-09-25 20:00;0.0;12.1;47;0;0;91.8;62;488;5.5;94;20.2
JCB;2001-09-25 21:00;0.0;8.8;57;0;0;90.4;62;488;4.6;94;17.6
JCB;2001-09-25 22:00;0.0;7.8;65;3;360;89.1;62;488;4.4;94;17.0
JCB;2001-09-25 23:00;0.0;7.1;67;3;360;87.8;62;488;3.6;94;14.7
JCB;2001-09-26 00:00;0.0;6.0;73;3;360;86.4;62;488;3.0;94;12.6
JCB;2001-09-26 01:00;0.0;5.7;73;2;360;85.1;62;488;2.4;94;10.5
JCB;2001-09-26 02:00;0.0;6.4;73;2;360;83.8;62;488;2.0;94;9.0
JCB;2001-09-26 03:00;0.0;7.1;67;3;360;82.6;62;488;1.8;94;8.2
JCB;2001-09-26 04:00;0.0;6.7;67;6;360;81.3;62;488;1.8;94;8.2
JCB;2001-09-26 05:00;0.0;16.9;35;35;360;80.1;62;488;6.7;94;23.2
JCB;2001-09-26 06:00;0.0;15.4;43;38;360;78.9;62;488;6.9;94;23.7
JCB;2001-09-26 07:00;0.0;14.3;41;28;360;84.5;62;488;8.1;94;26.4
JCB;2001-09-26 08:00;0.0;13.9;43;30;360;85.5;62;488;10.3;94;31.2
JCB;2001-09-26 09:00;0.0;13.9;41;19;360;86.6;62;488;6.9;94;23.7
JCB;2001-09-26 10:00;0.0;14.6;37;25;360;89.3;62;488;13.6;94;37.5
JCB;2001-09-26 11:00;0.0;14.3;41;21;360;89.9;62;488;12.2;94;34.8
JCB;2001-09-26 12:00;0.0;15.8;39;35;360;90.7;62;488;27.8;94;58.9
JCB;2001-09-26 13:00;0.0;16.5;35;28;360;89.5;64;493;16.3;96;42.7
JCB;2001-09-26 14:00;0.0;16.5;35;27;360;90.2;64;493;17.2;96;44.1
JCB;2001-09-26 15:00;0.0;15.8;37;18;360;90.8;64;493;11.9;96;34.8
JCB;2001-09-26 16:00;0.0;17.3;33;17;360;91.3;64;493;12.2;96;35.3
JCB;2001-09-26 17:00;0.0;17.7;31;21;360;91.9;64;493;16.2;96;42.4
JCB;2001-09-26 18:00;0.0;16.5;31;13;360;91.3;64;493;9.9;96;30.8
JCB;2001-09-26 19:00;0.0;13.9;37;11;360;90.7;64;493;8.3;96;27.2
JCB;2001-09-26 20:00;0.0;13.1;39;25;360;89.3;64;493;13.7;96;38.1
JCB;2001-09-26 21:00;0.0;11.7;45;19;360;88.0;64;493;8.4;96;27.5
JCB;2001-09-26 22:00;0.0;7.1;63;2;360;86.6;64;493;2.9;96;12.6
JCB;2001-09-26 23:00;0.0;11.7;41;10;360;85.2;64;493;3.6;96;14.8
JCB;2001-09-27 00:00;0.0;11.3;39;19;360;83.8;64;493;4.7;96;18.1
JCB;2001-09-27 01:00;0.0;11.7;37;22;360;82.4;64;493;4.5;96;17.7
JCB;2001-09-27 02:00;0.0;11.7;39;22;360;81.1;64;493;3.9;96;15.8
JCB;2001-09-27 03:00;0.0;9.9;55;34;360;79.8;64;493;6.2;96;22.2
JCB;2001-09-27 04:00;0.0;9.5;53;26;360;78.5;64;493;3.6;96;15.0
JCB;2001-09-27 05:00;0.0;9.2;45;21;360;77.2;64;493;2.5;96;11.3
JCB;2001-09-27 06:00;0.0;8.1;47;19;360;76.0;64;493;2.1;96;9.7
JCB;2001-09-27 07:00;0.0;7.4;47;13;360;81.0;64;493;2.5;96;11.0
JCB;2001-09-27 08:00;0.0;7.4;37;16;360;82.4;64;493;3.3;96;14.1
JCB;2001-09-27 09:00;0.0;9.5;31;12;360;83.7;64;493;3.2;96;13.7
JCB;2001-09-27 10:00;0.0;9.5;29;8;360;86.5;64;493;3.9;96;15.8
JCB;2001-09-27 11:00;0.0;11.0;25;14;360;89.5;64;493;8.1;96;26.8
JCB;2001-09-27 12:00;0.0;12.4;20;14;360;91.5;64;493;10.8;96;32.5
JCB;2001-09-27 13:00;0.0;12.1;22;15;360;89.5;66;496;8.5;99;28.1
JCB;2001-09-27 14:00;0.0;13.9;22;11;360;90.2;66;496;7.7;99;26.3
JCB;2001-09-27 15:00;0.0;13.9;22;15;360;90.9;66;496;10.3;99;32.0
JCB;2001-09-27 16:00;0.0;14.3;20;16;360;91.4;66;496;11.7;99;34.7
JCB;2001-09-27 17:00;0.0;13.9;22;12;360;91.9;66;496;10.3;99;32.0
JCB;2001-09-27 18:00;0.0;13.5;25;9;360;91.4;66;496;8.2;99;27.3
JCB;2001-09-27 19:00;0.0;11.0;33;1;360;90.8;66;496;5.0;99;19.3
JCB;2001-09-27 20:00;0.0;7.1;49;0;0;89.4;66;496;3.9;99;16.1
JCB;2001-09-27 21:00;0.0;5.3;57;0;0;88.1;66;496;3.2;99;13.9
JCB;2001-09-27 22:00;0.0;3.2;69;0;0;86.7;66;496;2.7;99;11.9
JCB;2001-09-27 23:00;0.0;1.1;78;0;0;85.2;66;496;2.2;99;10.1
JCB;2001-09-28 00:00;0.0;0.0;84;0;0;83.8;66;496;1.8;99;8.6
JCB;2001-09-28 01:00;0.0;-1.0;88;0;0;82.4;66;496;1.5;99;7.3
JCB;2001-09-28 02:00;0.0;-0.7;88;0;0;81.1;66;496;1.3;99;6.4
JCB;2001-09-28 03:00;0.0;-2.1;92;0;0;79.8;66;496;1.1;99;5.5
JCB;2001-09-28 04:00;0.0;-2.1;88;0;0;78.5;66;496;1.0;99;4.9
JCB;2001-09-28 05:00;0.0;-2.4;88;0;0;77.2;66;496;0.9;99;4.4
JCB;2001-09-28 06:00;0.0;0.7;78;10;360;76.0;66;496;1.3;99;6.6
JCB;2001-09-28 07:00;0.0;-2.1;90;4;360;74.8;66;496;0.9;99;4.6
JCB;2001-09-28 08:00;0.0;1.8;76;10;360;79.1;66;496;1.7;99;8.3
JCB;2001-09-28 09:00;0.0;1.8;78;9;360;77.9;66;496;1.5;99;7.2
JCB;2001-09-28 10:00;0.0;5.3;69;15;360;80.1;66;496;2.5;99;11.2
JCB;2001-09-28 11:00;0.0;7.8;63;8;360;82.5;66;496;2.3;99;10.4
JCB;2001-09-28 12:00;0.0;12.4;41;12;360;89.3;66;496;7.1;99;24.8
JCB;2001-09-28 13:00;0.0;13.9;31;6;360;89.3;67;501;5.2;101;20.1
JCB;2001-09-28 14:00;0.0;13.1;31;15;360;90.0;67;501;9.1;101;29.6
JCB;2001-09-28 15:00;0.0;14.3;27;14;360;90.6;67;501;9.5;101;30.5
JCB;2001-09-28 16:00;0.0;13.5;27;18;360;91.1;67;501;12.4;101;36.5
JCB;2001-09-28 17:00;0.0;13.5;25;15;360;91.7;67;501;11.6;101;34.8
JCB;2001-09-28 18:00;0.0;13.9;25;16;360;91.1;67;501;11.2;101;34.2
JCB;2001-09-28 19:00;0.0;10.6;29;6;360;90.5;67;501;6.2;101;22.8
JCB;2001-09-28 20:00;0.0;4.6;51;0;0;89.1;67;501;3.8;101;15.8
JCB;2001-09-28 21:00;0.0;1.1;65;1;360;87.8;67;501;3.3;101;14.2
JCB;2001-09-28 22:00;0.0;-1.4;75;0;0;86.4;67;501;2.6;101;11.7
JCB;2001-09-28 23:00;0.0;-3.1;82;1;360;85.0;67;501;2.2;101;10.3
JCB;2001-09-29 00:00;0.0;-2.8;80;4;360;83.6;67;501;2.1;101;10.0
JCB;2001-09-29 01:00;0.0;-4.6;84;0;0;82.2;67;501;1.5;101;7.2
JCB;2001-09-29 02:00;0.0;-4.6;90;0;0;80.9;67;501;1.2;101;6.3
JCB;2001-09-29 03:00;0.0;-5.3;90;2;360;79.6;67;501;1.2;101;6.0
JCB;2001-09-29 04:00;0.0;-6.4;92;0;0;78.3;67;501;1.0;101;4.8
JCB;2001-09-29 05:00;0.0;-6.4;90;0;0;77.0;67;501;0.9;101;4.3
JCB;2001-09-29 06:00;0.0;-6.8;96;1;360;75.7;67;501;0.8;101;4.2
JCB;2001-09-29 07:00;0.0;-7.1;98;4;360;74.5;67;501;0.9;101;4.6
JCB;2001-09-29 08:00;0.0;-7.9;98;7;360;76.0;67;501;1.2;101;5.8
JCB;2001-09-29 09:00;0.0;-3.5;92;4;360;77.6;67;501;1.1;101;5.6
JCB;2001-09-29 10:00;0.0;2.8;67;3;360;79.9;67;501;1.3;101;6.5
JCB;2001-09-29 11:00;0.0;10.2;39;4;360;87.1;67;501;3.5;101;14.8
JCB;2001-09-29 12:00;0.0;13.5;29;18;360;91.4;67;501;13.0;101;37.6
JCB;2001-09-29 13:00;0.0;13.5;31;22;360;89.0;69;505;11.3;103;34.7
JCB;2001-09-29 14:00;0.0;15.0;29;13;360;89.7;69;505;8.0;103;27.4
JCB;2001-09-29 15:00;0.0;15.4;27;17;360;90.4;69;505;10.7;103;33.4
JCB;2001-09-29 16:00;0.0;16.1;25;21;360;90.9;69;505;14.0;103;40.0
JCB;2001-09-29 17:00;0.0;15.4;27;16;360;91.4;69;505;11.8;103;35.6
JCB;2001-09-29 18:00;0.0;14.6;27;15;360;90.9;69;505;10.4;103;32.8
JCB;2001-09-29 19:00;0.0;13.5;29;19;360;90.3;69;505;11.7;103;35.4
JCB;2001-09-29 20:00;0.0;13.1;31;21;360;88.9;69;505;10.5;103;33.1
JCB;2001-09-29 21:00;0.0;12.4;31;22;360;87.6;69;505;9.2;103;30.2
JCB;2001-09-29 22:00;0.0;11.0;33;12;360;86.2;69;505;4.6;103;18.4
JCB;2001-09-29 23:00;0.0;6.0;49;5;360;84.7;69;505;2.6;103;12.0
JCB;2001-09-30 00:00;0.0;4.6;55;5;360;83.3;69;505;2.2;103;10.3
JCB;2001-09-30 01:00;0.0;0.4;67;6;360;81.9;69;505;1.9;103;9.3
JCB;2001-09-30 02:00;0.0;-0.3;73;3;360;80.6;69;505;1.4;103;7.1
JCB;2001-09-30 03:00;0.0;-1.4;78;1;360;79.3;69;505;1.1;103;5.7
JCB;2001-09-30 04:00;0.0;-2.8;84;1;360;78.0;69;505;1.0;103;5.1
JCB;2001-09-30 05:00;0.0;-3.8;84;1;360;76.7;69;505;0.9;103;4.6
JCB;2001-09-30 06:00;0.0;-4.6;92;1;360;75.5;69;505;0.8;103;4.2
JCB;2001-09-30 07:00;0.0;-5.3;86;6;360;76.4;69;505;1.1;103;5.8
JCB;2001-09-30 08:00;0.0;-5.7;92;3;360;75.8;69;505;0.9;103;4.8
JCB;2001-09-30 09:00;0.0;-2.8;90;2;360;77.3;69;505;1.0;103;5.0
JCB;2001-09-30 10:00;0.0;3.5;65;0;0;79.6;69;505;1.1;103;5.6
JCB;2001-09-30 11:00;0.0;9.2;43;10;360;86.9;69;505;4.6;103;18.4
JCB;2001-09-30 12:00;0.0;14.3;33;9;360;91.3;69;505;8.1;103;27.8
JCB;2001-09-30 13:00;0.0;17.3;16;16;360;91.4;72;510;11.7;106;36.0
JCB;2001-09-30 14:00;0.0;19.3;14;15;360;92.0;72;510;12.1;106;36.8
JCB;2001-09-30 15:00;0.0;20.5;10;12;360;92.6;72;510;11.4;106;35.4
JCB;2001-09-30 16:00;0.0;20.1;8;19;360;93.1;72;510;17.4;106;46.5
JCB;2001-09-30 17:00;0.0;19.7;10;17;360;93.6;72;510;16.9;106;45.6
JCB;2001-09-30 18:00;0.0;18.9;10;15;360;93.0;72;510;14.0;106;40.5
JCB;2001-09-30 19:00;0.0;15.0;16;13;360;92.4;72;510;11.7;106;35.9
JCB;2001-09-30 20:00;0.0;10.2;25;10;360;91.0;72;510;8.2;106;28.4
JCB;2001-09-30 21:00;0.0;6.0;33;1;360;89.7;72;510;4.3;106;18.1
JCB;2001-09-30 22:00;0.0;1.8;47;2;360;88.3;72;510;3.7;106;16.1
JCB;2001-09-30 23:00;0.0;0.0;59;2;360;87.0;72;510;3.1;106;13.9
JCB;2001-10-01 00:00;0.0;-1.0;69;1;360;85.6;72;510;2.4;106;11.4
JCB;2001-10-01 01:00;0.0;-2.4;75;0;0;84.3;72;510;1.9;106;9.5
JCB;2001-10-01 02:00;0.0;-3.8;78;1;360;83.0;72;510;1.7;106;8.5
JCB;2001-10-01 03:00;0.0;-3.8;75;0;0;81.7;72;510;1.4;106;7.1
JCB;2001-10-01 04:00;0.0;-3.8;73;0;0;80.4;72;510;1.2;106;6.2
JCB;2001-10-01 05:00;0.0;-4.6;78;0;0;79.2;72;510;1.1;106;5.5
JCB;2001-10-01 06:00;0.0;-3.5;78;0;0;78.0;72;510;0.9;106;4.9
JCB;2001-10-01 07:00;0.0;-3.8;76;0;0;78.9;72;510;1.0;106;5.3
JCB;2001-10-01 08:00;0.0;-3.8;80;0;0;78.5;72;510;1.0;106;5.1
JCB;2001-10-01 09:00;0.0;-2.4;76;2;360;80.1;72;510;1.3;106;6.6
JCB;2001-10-01 10:00;0.0;2.8;55;9;360;86.3;72;510;4.0;106;16.9
JCB;2001-10-01 11:00;0.0;6.4;47;7;360;89.1;72;510;5.4;106;21.0
JCB;2001-10-01 12:00;0.0;9.5;39;3;360;90.3;72;510;5.2;106;20.7
JCB;2001-10-01 13:00;0.0;12.8;33;4;360;89.8;73;513;5.1;108;20.5
JCB;2001-10-01 14:00;0.0;13.9;33;12;360;90.5;73;513;8.4;108;29.1
JCB;2001-10-01 15:00;0.0;10.6;41;15;360;91.1;73;513;10.7;108;34.2
JCB;2001-10-01 16:00;0.0;7.1;43;13;360;91.6;73;513;10.4;108;33.5
JCB;2001-10-01 17:00;0.0;6.7;45;12;360;92.2;73;513;10.8;108;34.2
JCB;2001-10-01 18:00;1.0;1.4;94;2;360;91.6;73;513;6.0;108;22.9
JCB;2001-10-01 19:00;1.0;0.4;100;2;360;91.0;73;513;5.5;108;21.5
JCB;2001-10-01 20:00;0.3;0.0;100;0;0;89.6;73;513;4.1;108;17.3
JCB;2001-10-01 21:00;0.3;0.4;100;12;360;88.3;73;513;6.2;108;23.4
JCB;2001-10-01 22:00;0.5;1.1;98;1;360;86.9;73;513;2.9;108;13.4
JCB;2001-10-01 23:00;0.0;0.0;98;0;0;85.5;73;513;2.3;108;11.0
JCB;2001-10-02 00:00;0.0;-0.7;100;11;360;84.1;73;513;3.3;108;14.6
JCB;2001-10-02 01:00;0.0;-0.7;100;14;360;82.7;73;513;3.2;108;14.3
JCB;2001-10-02 02:00;0.0;-1.0;100;13;360;81.4;73;513;2.6;108;12.1
JCB;2001-10-02 03:00;0.0;-1.4;100;4;360;80.1;73;513;1.4;108;7.3
JCB;2001-10-02 04:00;0.0;-1.0;100;11;360;78.8;73;513;1.8;108;8.9
JCB;2001-10-02 05:00;0.0;-1.4;100;10;360;77.5;73;513;1.5;108;7.7
JCB;2001-10-02 06:00;0.0;-2.1;100;6;360;76.3;73;513;1.1;108;5.9
JCB;2001-10-02 07:00;0.0;-1.7;100;13;360;75.1;73;513;1.5;108;7.7
JCB;2001-10-02 08:00;0.0;-1.4;98;8;360;76.6;73;513;1.3;108;6.6
JCB;2001-10-02 09:00;0.0;-0.7;98;7;360;78.2;73;513;1.4;108;7.1
JCB;2001-10-02 10:00;0.0;0.0;94;14;360;80.4;73;513;2.4;108;11.6
JCB;2001-10-02 11:00;0.5;2.1;88;20;360;82.7;73;513;4.3;108;18.0
JCB;2001-10-02 12:00;0.0;3.5;90;14;360;84.7;73;513;4.1;108;17.4
JCB;2001-10-02 13:00;0.0;8.1;73;13;360;47.8;54;503;0.2;86;0.6
JCB;2001-10-02 14:00;0.0;9.9;53;14;360;51.1;54;503;0.4;86;0.9
JCB;2001-10-02 15:00;0.0;11.7;37;8;360;54.3;54;503;0.4;86;1.0
JCB;2001-10-02 16:00;0.0;13.1;29;6;360;56.9;54;503;0.4;86;1.4
JCB;2001-10-02 17:00;0.0;13.1;31;12;360;59.5;54;503;0.7;86;3.1
JCB;2001-10-02 18:00;0.0;12.1;33;9;360;60.5;54;503;0.7;86;2.8
JCB;2001-10-02 19:00;0.0;4.6;67;6;360;61.5;54;503;0.6;86;2.4
JCB;2001-10-02 20:00;0.0;0.7;88;4;360;61.6;54;503;0.5;86;2.1
JCB;2001-10-02 21:00;0.0;-1.4;94;0;0;61.6;54;503;0.4;86;1.5
JCB;2001-10-02 22:00;0.0;-3.1;94;1;360;60.1;54;503;0.4;86;1.4
JCB;2001-10-02 23:00;0.0;-3.5;94;5;360;58.7;54;503;0.5;86;1.7
JCB;2001-10-03 00:00;0.0;-3.8;94;2;360;57.2;54;503;0.4;86;0.9
JCB;2001-10-03 01:00;0.0;-4.6;94;0;0;55.9;54;503;0.3;86;0.8
JCB;2001-10-03 02:00;0.0;-5.7;98;2;360;54.6;54;503;0.3;86;0.7
JCB;2001-10-03 03:00;0.0;-4.6;80;1;360;53.3;54;503;0.2;86;0.6
JCB;2001-10-03 04:00;0.0;-5.7;92;1;360;52.0;54;503;0.2;86;0.5
JCB;2001-10-03 05:00;0.0;-6.0;98;1;360;50.7;54;503;0.2;86;0.5
JCB;2001-10-03 06:00;0.0;-7.5;98;0;0;49.5;54;503;0.2;86;0.4
JCB;2001-10-03 07:00;0.0;-7.9;98;0;0;48.2;54;503;0.1;86;0.3
JCB;2001-10-03 08:00;0.0;-9.8;98;0;0;49.1;54;503;0.1;86;0.4
JCB;2001-10-03 09:00;0.0;-7.9;96;1;360;49.9;54;503;0.2;86;0.4
JCB;2001-10-03 10:00;0.0;-0.3;75;0;0;55.2;54;503;0.3;86;0.7
JCB;2001-10-03 11:00;0.0;3.5;47;3;360;65.8;54;503;0.6;86;2.6
JCB;2001-10-03 12:00;0.0;5.7;37;4;360;72.1;54;503;0.8;86;3.6
JCB;2001-10-03 13:00;0.0;7.1;33;5;360;63.0;55;505;0.6;87;2.6
JCB;2001-10-03 14:00;0.0;8.8;29;6;360;66.7;55;505;0.8;87;3.3
JCB;2001-10-03 15:00;0.0;9.2;29;14;360;70.8;55;505;1.3;87;5.9
JCB;2001-10-03 16:00;0.0;9.9;27;14;360;72.9;55;505;1.4;87;6.3
JCB;2001-10-03 17:00;0.0;9.2;29;16;360;75.0;55;505;1.7;87;7.6
JCB;2001-10-03 18:00;0.0;8.1;33;12;360;75.0;55;505;1.4;87;6.3
JCB;2001-10-03 19:00;0.0;5.7;39;6;360;74.9;55;505;1.0;87;4.7
JCB;2001-10-03 20:00;0.0;-0.3;69;0;0;74.0;55;505;0.7;87;3.1
JCB;2001-10-03 21:00;0.0;-1.4;71;0;0;73.1;55;505;0.7;87;3.0
JCB;2001-10-03 22:00;0.0;0.7;61;1;360;71.5;55;505;0.7;87;3.0
JCB;2001-10-03 23:00;0.0;0.0;88;0;0;70.0;55;505;0.6;87;2.6
JCB;2001-10-04 00:00;0.0;-1.0;98;0;0;68.5;55;505;0.6;87;2.4
JCB;2001-10-04 01:00;0.0;-1.2;98;0;0;67.0;55;505;0.6;87;2.3
JCB;2001-10-04 02:00;0.0;-1.4;98;12;360;65.5;55;505;1.0;87;4.4
JCB;2001-10-04 03:00;0.0;-1.7;98;1;360;64.1;55;505;0.5;87;2.1
JCB;2001-10-04 04:00;0.0;-2.1;98;14;360;62.7;55;505;1.0;87;4.3
JCB;2001-10-04 05:00;0.0;-2.8;100;1;360;61.4;55;505;0.5;87;1.6
JCB;2001-10-04 06:00;0.0;-3.1;98;4;360;60.1;55;505;0.5;87;1.9
JCB;2001-10-04 07:00;0.0;-3.5;98;5;360;58.8;55;505;0.5;87;1.8
JCB;2001-10-04 08:00;0.0;-4.2;100;0;0;59.6;55;505;0.4;87;1.1
JCB;2001-10-04 09:00;0.0;-3.8;96;1;360;60.5;55;505;0.4;87;1.5
JCB;2001-10-04 10:00;0.0;-0.3;75;1;360;64.9;55;505;0.6;87;2.2
JCB;2001-10-04 11:00;0.0;1.1;59;12;360;69.6;55;505;1.1;87;5.1
JCB;2001-10-04 12:00;1.5;1.8;45;19;360;79.0;55;505;2.7;87;11.1
JCB;2001-10-04 13:00;0.5;3.2;41;15;360;56.3;50;507;0.7;80;2.6
JCB;2001-10-04 14:00;0.0;4.9;37;9;360;60.0;50;507;0.6;80;2.5
JCB;2001-10-04 15:00;0.0;5.7;27;10;360;64.0;50;507;0.8;80;3.5
JCB;2001-10-04 16:00;0.0;6.7;24;7;360;66.4;50;507;0.8;80;3.2
JCB;2001-10-04 17:00;0.0;7.4;22;3;360;69.0;50;507;0.7;80;2.8
JCB;2001-10-04 18:00;0.0;6.7;24;12;360;69.4;50;507;1.1;80;4.8
JCB;2001-10-04 19:00;0.0;-1.4;57;0;0;69.9;50;507;0.6;80;2.4
JCB;2001-10-04 20:00;0.0;-3.5;71;0;0;69.2;50;507;0.6;80;2.3
JCB;2001-10-04 21:00;0.0;-4.6;75;0;0;68.7;50;507;0.6;80;2.2
JCB;2001-10-04 22:00;0.0;-6.4;82;0;0;67.1;50;507;0.6;80;2.1
JCB;2001-10-04 23:00;0.0;-6.8;76;19;360;65.5;50;507;1.4;80;6.0
JCB;2001-10-05 00:00;0.0;-3.8;61;19;360;64.0;50;507;1.3;80;5.6
JCB;2001-10-05 01:00;0.0;-4.6;61;10;360;62.6;50;507;0.8;80;3.2
JCB;2001-10-05 02:00;0.0;-5.3;63;17;360;61.1;50;507;1.0;80;4.4
JCB;2001-10-05 03:00;0.0;-5.3;61;20;360;59.7;50;507;1.1;80;4.7
JCB;2001-10-05 04:00;0.0;-5.7;61;15;360;58.3;50;507;0.8;80;3.2
JCB;2001-10-05 05:00;0.0;-5.3;57;12;360;57.0;50;507;0.6;80;2.3
JCB;2001-10-05 06:00;0.0;-5.3;57;14;360;55.7;50;507;0.6;80;2.2
JCB;2001-10-05 07:00;0.0;-4.9;55;17;360;61.2;50;507;1.0;80;4.4
JCB;2001-10-05 08:00;0.0;-5.3;57;21;360;63.8;50;507;1.4;80;6.1
JCB;2001-10-05 09:00;0.0;-4.6;55;16;360;60.7;50;507;1.0;80;4.0
JCB;2001-10-05 10:00;0.0;-0.3;39;1;360;70.8;50;507;0.7;80;2.6
JCB;2001-10-05 11:00;0.0;4.9;27;21;360;75.2;50;507;2.2;80;9.1
JCB;2001-10-05 12:00;0.0;8.8;22;16;360;80.0;50;507;2.5;80;10.1
JCB;2001-10-05 13:00;0.0;12.1;20;9;360;81.1;52;509;2.0;83;8.5
JCB;2001-10-05 14:00;0.0;14.6;18;7;360;82.1;52;509;2.0;83;8.6
JCB;2001-10-05 15:00;0.0;16.1;22;5;360;83.1;52;509;2.1;83;8.8
JCB;2001-10-05 16:00;0.0;16.1;22;4;360;84.0;52;509;2.2;83;9.3
JCB;2001-10-05 17:00;0.0;15.8;22;15;360;84.8;52;509;4.3;83;15.7
JCB;2001-10-05 18:00;0.0;14.3;22;12;360;84.3;52;509;3.5;83;13.3
JCB;2001-10-05 19:00;0.0;5.7;53;4;360;83.8;52;509;2.2;83;9.1
JCB;2001-10-05 20:00;0.0;1.4;71;0;0;82.6;52;509;1.5;83;6.6
JCB;2001-10-05 21:00;0.0;-2.1;82;0;0;81.3;52;509;1.3;83;5.7
JCB;2001-10-05 22:00;0.0;-3.1;82;0;0;79.8;52;509;1.1;83;4.8
JCB;2001-10-05 23:00;0.0;-3.5;82;1;360;78.3;52;509;1.0;83;4.4
JCB;2001-10-06 00:00;0.0;1.1;65;3;360;76.8;52;509;1.0;83;4.3
JCB;2001-10-06 01:00;0.0;0.4;67;10;360;75.3;52;509;1.3;83;5.6
JCB;2001-10-06 02:00;0.0;-0.3;69;1;360;73.9;52;509;0.8;83;3.2
JCB;2001-10-06 03:00;0.0;-0.3;69;4;360;72.5;52;509;0.8;83;3.5
JCB;2001-10-06 04:00;0.0;-2.1;76;1;360;71.2;52;509;0.7;83;2.8
JCB;2001-10-06 05:00;0.0;1.8;59;13;360;69.8;52;509;1.2;83;5.2
JCB;2001-10-06 06:00;0.0;1.4;61;9;360;68.5;52;509;0.9;83;4.0
JCB;2001-10-06 07:00;0.0;1.1;61;5;360;72.9;52;509;0.9;83;3.8
JCB;2001-10-06 08:00;0.0;1.4;61;11;360;71.7;52;509;1.2;83;5.0
JCB;2001-10-06 09:00;0.0;4.2;51;1;360;73.8;52;509;0.8;83;3.1
JCB;2001-10-06 10:00;0.0;8.1;39;19;360;80.1;52;509;3.0;83;11.8
JCB;2001-10-06 11:00;0.0;11.7;27;17;360;83.6;52;509;4.1;83;15.2
JCB;2001-10-06 12:00;0.0;15.4;16;20;360;87.9;52;509;8.6;83;25.9
JCB;2001-10-06 13:00;0.0;15.8;14;21;360;90.3;54;513;12.9;85;34.6
JCB;2001-10-06 14:00;0.0;13.5;16;20;360;91.0;54;513;13.5;85;35.6
JCB;2001-10-06 15:00;0.0;13.1;18;21;360;91.6;54;513;15.6;85;39.1
JCB;2001-10-06 16:00;0.0;13.5;20;16;360;92.1;54;513;13.0;85;34.7
JCB;2001-10-06 17:00;0.0;12.1;29;15;360;92.7;54;513;13.3;85;35.3
JCB;2001-10-06 18:00;0.0;9.5;39;26;360;92.1;54;513;21.3;85;47.8
JCB;2001-10-06 19:00;0.0;5.3;76;25;360;91.5;54;513;18.6;85;43.9
JCB;2001-10-06 20:00;0.0;4.9;75;25;360;90.1;54;513;15.3;85;38.6
JCB;2001-10-06 21:00;0.3;3.5;90;19;360;88.8;54;513;9.4;85;27.9
JCB;2001-10-06 22:00;0.0;3.9;84;14;360;87.4;54;513;5.9;85;20.3
JCB;2001-10-06 23:00;0.0;4.2;75;23;360;86.0;54;513;7.7;85;24.3
JCB;2001-10-07 00:00;0.0;4.2;76;20;360;84.6;54;513;5.4;85;19.0
JCB;2001-10-07 01:00;0.0;3.5;76;19;360;83.2;54;513;4.3;85;16.0
JCB;2001-10-07 02:00;0.0;3.5;75;9;360;81.9;54;513;2.2;85;9.4
JCB;2001-10-07 03:00;0.0;3.5;75;2;360;80.6;54;513;1.3;85;6.0
JCB;2001-10-07 04:00;0.0;3.2;84;7;360;79.3;54;513;1.5;85;6.7
JCB;2001-10-07 05:00;0.0;2.1;88;2;360;78.1;54;513;1.0;85;4.7
JCB;2001-10-07 06:00;0.0;-0.3;96;2;360;76.9;54;513;1.0;85;4.2
JCB;2001-10-07 07:00;0.0;-1.0;96;0;0;75.7;54;513;0.8;85;3.5
JCB;2001-10-07 08:00;0.0;-2.8;96;8;360;77.2;54;513;1.3;85;5.9
JCB;2001-10-07 09:00;0.0;-1.4;94;5;360;78.8;54;513;1.3;85;5.8
JCB;2001-10-07 10:00;0.0;3.2;73;2;360;81.0;54;513;1.4;85;6.2
JCB;2001-10-07 11:00;0.0;7.4;47;10;360;88.1;54;513;5.4;85;18.8
JCB;2001-10-07 12:00;0.0;9.9;39;9;360;89.7;54;513;6.5;85;21.6
JCB;2001-10-07 13:00;0.0;11.3;31;9;360;89.3;55;516;6.1;87;21.0
JCB;2001-10-07 14:00;0.0;12.1;29;12;360;90.0;55;516;7.9;87;25.0
JCB;2001-10-07 15:00;0.0;11.0;31;24;360;90.7;55;516;15.8;87;39.9
JCB;2001-10-07 16:00;0.0;10.6;33;15;360;91.2;55;516;10.8;87;31.0
JCB;2001-10-07 17:00;0.0;9.5;33;18;360;91.7;55;516;13.6;87;36.2
JCB;2001-10-07 18:00;0.0;8.8;33;21;360;91.2;55;516;14.6;87;37.9
JCB;2001-10-07 19:00;0.0;5.3;63;5;360;90.6;55;516;6.0;87;20.6
JCB;2001-10-07 20:00;0.0;4.2;67;0;0;89.2;55;516;3.8;87;14.7
JCB;2001-10-07 21:00;0.0;1.4;75;1;360;87.9;55;516;3.3;87;13.2
JCB;2001-10-07 22:00;0.0;3.9;59;19;360;86.5;55;516;6.7;87;22.4
JCB;2001-10-07 23:00;0.0;7.4;43;20;360;85.0;55;516;5.8;87;20.1
JCB;2001-10-08 00:00;0.0;6.7;45;24;360;83.6;55;516;5.9;87;20.3
JCB;2001-10-08 01:00;0.0;6.7;43;26;360;82.2;55;516;5.4;87;19.2
JCB;2001-10-08 02:00;0.0;6.7;43;27;360;80.9;55;516;4.9;87;17.8
JCB;2001-10-08 03:00;0.0;5.7;45;24;360;79.6;55;516;3.7;87;14.3
JCB;2001-10-08 04:00;0.0;2.8;57;19;360;78.3;55;516;2.5;87;10.6
JCB;2001-10-08 05:00;0.0;2.5;57;22;360;77.0;55;516;2.6;87;11.0
JCB;2001-10-08 06:00;0.0;1.1;63;12;360;75.8;55;516;1.5;87;6.6
JCB;2001-10-08 07:00;0.0;0.7;65;13;360;80.9;55;516;2.4;87;10.2
JCB;2001-10-08 08:00;0.0;0.0;67;0;0;78.9;55;516;1.0;87;4.6
JCB;2001-10-08 09:00;0.0;-0.3;75;0;0;77.7;55;516;0.9;87;4.1
JCB;2001-10-08 10:00;0.0;6.4;47;3;360;84.1;55;516;2.2;87;9.4
JCB;2001-10-08 11:00;0.0;7.1;43;1;360;87.2;55;516;3.0;87;12.2
JCB;2001-10-08 12:00;0.0;8.5;33;19;360;91.4;55;516;13.7;87;36.3
JCB;2001-10-08 13:00;0.0;8.5;35;12;360;88.1;56;518;6.0;88;20.8
JCB;2001-10-08 14:00;0.0;9.5;33;22;360;88.8;56;518;11.0;88;31.6
JCB;2001-10-08 15:00;0.0;9.2;27;30;360;89.5;56;518;18.1;88;43.9
JCB;2001-10-08 16:00;0.0;10.2;25;29;360;90.1;56;518;18.6;88;44.7
JCB;2001-10-08 17:00;0.0;9.9;29;28;360;90.6;56;518;19.0;88;45.3
JCB;2001-10-08 18:00;0.0;7.8;33;22;360;90.1;56;518;13.1;88;35.5
JCB;2001-10-08 19:00;0.0;6.7;37;25;360;89.5;56;518;14.0;88;37.1
JCB;2001-10-08 20:00;0.0;5.3;41;25;360;88.1;56;518;11.4;88;32.5
JCB;2001-10-08 21:00;0.0;5.3;41;27;360;86.8;56;518;10.5;88;30.7
JCB;2001-10-08 22:00;0.0;4.9;39;28;360;85.4;56;518;9.1;88;27.8
JCB;2001-10-08 23:00;0.0;5.3;35;24;360;83.9;56;518;6.1;88;20.9
JCB;2001-10-09 00:00;0.0;4.2;35;27;360;82.5;56;518;5.9;88;20.5
JCB;2001-10-09 01:00;0.0;2.1;45;15;360;81.1;56;518;2.7;88;11.4
JCB;2001-10-09 02:00;0.0;-0.7;55;0;0;79.7;56;518;1.1;88;5.1
JCB;2001-10-09 03:00;0.0;-3.5;67;0;0;78.4;56;518;1.0;88;4.5
JCB;2001-10-09 04:00;0.0;-3.5;71;2;360;77.1;56;518;1.0;88;4.4
JCB;2001-10-09 05:00;0.0;-2.8;73;0;0;75.8;56;518;0.8;88;3.6
JCB;2001-10-09 06:00;0.0;-2.8;75;9;360;74.5;56;518;1.2;88;5.4
JCB;2001-10-09 07:00;0.0;-0.3;65;10;360;79.4;56;518;1.8;88;7.9
JCB;2001-10-09 08:00;0.0;0.7;59;13;360;77.7;56;518;1.8;88;7.9
JCB;2001-10-09 09:00;0.0;-1.0;67;1;360;80.0;56;518;1.2;88;5.5
JCB;2001-10-09 10:00;0.0;2.1;53;12;360;82.9;56;518;2.9;88;12.1
JCB;2001-10-09 11:00;0.0;7.4;35;15;360;88.3;56;518;7.2;88;23.6
JCB;2001-10-09 12:00;0.0;8.8;27;19;360;90.9;56;518;12.7;88;34.7
JCB;2001-10-09 13:00;0.0;9.5;24;25;360;88.3;57;520;11.8;90;33.4
JCB;2001-10-09 14:00;0.0;8.1;27;25;360;89.0;57;520;13.0;90;35.7
JCB;2001-10-09 15:00;0.0;7.1;27;21;360;89.7;57;520;11.8;90;33.4
JCB;2001-10-09 16:00;0.0;8.5;25;27;360;90.2;57;520;17.2;90;42.8
JCB;2001-10-09 17:00;0.0;6.4;29;21;360;90.7;57;520;13.7;90;36.8
JCB;2001-10-09 18:00;0.0;5.7;33;27;360;90.2;57;520;17.2;90;42.8
JCB;2001-10-09 19:00;0.0;4.6;35;20;360;89.6;57;520;11.1;90;32.1
JCB;2001-10-09 20:00;0.0;3.5;39;15;360;88.2;57;520;7.1;90;23.5
JCB;2001-10-09 21:00;0.0;3.5;39;21;360;86.9;57;520;7.9;90;25.5
JCB;2001-10-09 22:00;0.0;3.9;37;25;360;85.5;57;520;8.0;90;25.6
JCB;2001-10-09 23:00;0.0;3.5;37;16;360;84.0;57;520;4.1;90;15.9
JCB;2001-10-10 00:00;0.0;2.8;39;12;360;82.6;57;520;2.8;90;11.8
JCB;2001-10-10 01:00;0.0;0.7;47;12;360;81.2;57;520;2.4;90;10.3
JCB;2001-10-10 02:00;0.0;-1.7;57;15;360;79.9;57;520;2.4;90;10.3
JCB;2001-10-10 03:00;0.0;-1.7;57;6;360;78.6;57;520;1.3;90;6.2
JCB;2001-10-10 04:00;0.0;-2.0;60;6;360;77.3;57;520;1.2;90;5.6
JCB;2001-10-10 05:00;0.0;-2.8;63;3;360;76.0;57;520;0.9;90;4.4
JCB;2001-10-10 06:00;0.0;-2.4;63;8;360;74.7;57;520;1.1;90;5.2
JCB;2001-10-10 07:00;0.0;-1.0;59;13;360;79.6;57;520;2.1;90;9.3
JCB;2001-10-10 08:00;0.0;0.4;55;1;360;81.0;57;520;1.3;90;6.2
JCB;2001-10-10 09:00;0.0;4.6;43;21;360;82.5;57;520;4.4;90;16.6
JCB;2001-10-10 10:00;0.0;6.4;39;23;360;85.4;57;520;7.1;90;23.6
JCB;2001-10-10 11:00;0.0;7.8;37;16;360;88.4;57;520;7.7;90;24.9
JCB;2001-10-10 12:00;0.0;7.4;37;32;360;88.7;57;520;17.9;90;43.9
JCB;2001-10-10 13:00;0.0;8.1;37;26;360;87.2;58;523;10.7;91;31.5
JCB;2001-10-10 14:00;0.0;9.9;35;10;360;87.9;58;523;5.3;91;19.3
JCB;2001-10-10 15:00;0.0;11.3;31;30;360;88.7;58;523;16.1;91;41.2
JCB;2001-10-10 16:00;0.0;9.9;33;29;360;89.3;58;523;16.6;91;42.1
JCB;2001-10-10 17:00;0.0;8.1;37;28;360;89.8;58;523;17.0;91;42.7
JCB;2001-10-10 18:00;0.0;7.4;37;24;360;89.3;58;523;12.9;91;35.8
JCB;2001-10-10 19:00;0.0;6.7;39;30;360;88.7;58;523;16.1;91;41.2
JCB;2001-10-10 20:00;0.0;6.7;37;20;360;87.3;58;523;8.0;91;25.8
JCB;2001-10-10 21:00;0.0;6.0;39;9;360;86.0;58;523;3.8;91;15.1
JCB;2001-10-10 22:00;0.0;6.0;39;24;360;84.6;58;523;6.7;91;22.7
JCB;2001-10-10 23:00;0.0;5.7;39;17;360;83.1;58;523;3.8;91;15.2
JCB;2001-10-11 00:00;0.0;5.7;41;30;360;81.7;58;523;6.2;91;21.6
JCB;2001-10-11 01:00;0.0;5.7;39;23;360;80.3;58;523;3.7;91;14.8
JCB;2001-10-11 02:00;0.0;5.3;39;12;360;78.9;58;523;1.9;91;8.4
JCB;2001-10-11 03:00;0.0;4.9;39;7;360;77.5;58;523;1.3;91;6.0
JCB;2001-10-11 04:00;0.0;-0.7;59;6;360;76.2;58;523;1.1;91;5.2
JCB;2001-10-11 05:00;0.0;-4.2;73;4;360;74.9;58;523;0.9;91;4.3
JCB;2001-10-11 06:00;0.0;-4.2;73;0;0;73.6;58;523;0.7;91;3.2
JCB;2001-10-11 07:00;0.0;-2.4;71;1;360;74.6;58;523;0.8;91;3.6
JCB;2001-10-11 08:00;0.0;-3.1;75;6;360;76.7;58;523;1.2;91;5.4
JCB;2001-10-11 09:00;0.0;-1.7;82;5;360;75.2;58;523;1.0;91;4.7
JCB;2001-10-11 10:00;0.0;3.9;57;15;360;82.1;58;523;3.1;91;12.7
JCB;2001-10-11 11:00;0.0;5.7;29;24;360;87.6;58;523;10.2;91;30.5
JCB;2001-10-11 12:00;0.0;5.3;27;31;360;90.5;58;523;21.9;91;50.1
JCB;2001-10-11 13:00;0.0;6.0;27;25;360;87.3;59;524;10.2;92;30.8
JCB;2001-10-11 14:00;0.0;6.4;25;28;360;88.0;59;524;13.2;92;36.4
JCB;2001-10-11 15:00;0.0;6.4;25;29;360;88.7;59;524;15.4;92;40.2
JCB;2001-10-11 16:00;0.0;7.1;25;29;360;89.3;59;524;16.8;92;42.5
JCB;2001-10-11 17:00;0.0;6.7;24;24;360;89.8;59;524;14.0;92;37.9
JCB;2001-10-11 18:00;0.0;4.6;27;17;360;89.3;59;524;9.2;92;28.5
JCB;2001-10-11 19:00;0.0;3.5;29;17;360;88.7;59;524;8.4;92;26.9
JCB;2001-10-11 20:00;0.0;0.4;37;8;360;87.3;59;524;4.4;92;16.9
JCB;2001-10-11 21:00;0.0;-2.4;45;4;360;86.0;59;524;3.0;92;12.5
JCB;2001-10-11 22:00;0.0;2.5;35;19;360;84.6;59;524;5.2;92;19.2
JCB;2001-10-11 23:00;0.0;2.1;35;17;360;83.1;59;524;3.9;92;15.3
JCB;2001-10-12 00:00;0.0;1.8;35;20;360;81.7;59;524;3.8;92;15.1
JCB;2001-10-12 01:00;0.0;1.8;33;13;360;80.3;59;524;2.3;92;10.0
JCB;2001-10-12 02:00;0.0;1.4;33;16;360;78.9;59;524;2.3;92;10.1
JCB;2001-10-12 03:00;0.0;-2.1;45;7;360;77.6;59;524;1.3;92;6.1
JCB;2001-10-12 04:00;0.0;1.4;37;5;360;76.3;59;524;1.1;92;5.0
JCB;2001-10-12 05:00;0.0;2.8;35;7;360;75.0;59;524;1.1;92;5.1
JCB;2001-10-12 06:00;0.0;3.2;37;22;360;73.7;59;524;2.2;92;9.7
JCB;2001-10-12 07:00;0.0;3.2;39;25;360;78.5;59;524;3.5;92;14.1
JCB;2001-10-12 08:00;0.0;3.9;37;30;360;80.0;59;524;5.1;92;19.0
JCB;2001-10-12 09:00;0.0;3.9;37;31;360;81.5;59;524;6.4;92;22.2
JCB;2001-10-12 10:00;0.0;4.2;37;26;360;84.5;59;524;7.3;92;24.4
JCB;2001-10-12 11:00;0.0;4.9;37;30;360;87.6;59;524;13.9;92;37.6
JCB;2001-10-12 12:00;0.0;5.7;35;28;360;90.5;59;524;18.9;92;45.9
JCB;2001-10-12 13:00;0.0;7.1;33;30;360;87.3;60;526;13.2;93;36.7
JCB;2001-10-12 14:00;0.0;7.1;33;27;360;88.0;60;526;12.6;93;35.5
JCB;2001-10-12 15:00;0.0;8.5;31;27;360;88.7;60;526;13.9;93;38.0
JCB;2001-10-12 16:00;0.0;7.8;31;34;360;89.3;60;526;21.6;93;50.3
JCB;2001-10-12 17:00;0.0;8.1;31;28;360;89.8;60;526;17.2;93;43.4
JCB;2001-10-12 18:00;0.0;6.4;35;23;360;89.3;60;526;12.4;93;35.2
JCB;2001-10-12 19:00;0.0;4.9;39;23;360;88.7;60;526;11.4;93;33.3
JCB;2001-10-12 20:00;0.0;5.7;37;31;360;87.4;60;526;14.0;93;38.1
JCB;2001-10-12 21:00;0.0;5.3;39;28;360;86.1;60;526;10.0;93;30.5
JCB;2001-10-12 22:00;0.0;6.0;37;15;360;84.6;60;526;4.3;93;16.7
JCB;2001-10-12 23:00;0.0;5.3;39;16;360;83.1;60;526;3.7;93;14.9
JCB;2001-10-13 00:00;0.0;3.9;43;9;360;81.7;60;526;2.2;93;9.8
JCB;2001-10-13 01:00;0.0;4.9;43;26;360;80.3;60;526;4.4;93;16.9
JCB;2001-10-13 02:00;0.0;1.1;61;6;360;78.9;60;526;1.4;93;6.5
JCB;2001-10-13 03:00;0.0;2.5;51;17;360;77.6;60;526;2.2;93;9.7
JCB;2001-10-13 04:00;0.0;3.2;43;26;360;76.3;60;526;3.1;93;12.9
JCB;2001-10-13 05:00;0.0;3.5;39;24;360;75.0;60;526;2.6;93;11.2
JCB;2001-10-13 06:00;0.0;2.5;43;18;360;73.7;60;526;1.8;93;8.2
JCB;2001-10-13 07:00;0.0;0.4;45;6;360;78.5;60;526;1.3;93;6.3
JCB;2001-10-13 08:00;0.0;-2.8;61;11;360;76.8;60;526;1.5;93;7.0
JCB;2001-10-13 09:00;0.0;1.8;43;19;360;81.5;60;526;3.5;93;14.3
JCB;2001-10-13 10:00;0.0;3.5;33;18;360;84.5;60;526;4.9;93;18.4
JCB;2001-10-13 11:00;0.0;3.5;29;28;360;87.7;60;526;12.6;93;35.4
JCB;2001-10-13 12:00;0.0;6.0;25;25;360;90.5;60;526;16.3;93;42.0
JCB;2001-10-13 13:00;0.0;4.2;25;23;360;87.4;60;528;9.4;94;29.3
JCB;2001-10-13 14:00;0.0;6.0;25;19;360;88.1;60;528;8.5;94;27.3
JCB;2001-10-13 15:00;0.0;6.4;25;16;360;88.8;60;528;8.1;94;26.4
JCB;2001-10-13 16:00;0.0;6.0;24;20;360;89.4;60;528;10.8;94;32.1
JCB;2001-10-13 17:00;0.0;5.7;24;17;360;89.9;60;528;9.9;94;30.5
JCB;2001-10-13 18:00;0.0;3.5;27;14;360;89.4;60;528;7.9;94;26.2
JCB;2001-10-13 19:00;0.0;2.5;27;18;360;88.8;60;528;8.9;94;28.3
JCB;2001-10-13 20:00;0.0;2.1;29;11;360;87.4;60;528;5.1;94;19.2
JCB;2001-10-13 21:00;0.0;-1.0;37;6;360;86.1;60;528;3.3;94;13.8
JCB;2001-10-13 22:00;0.0;-2.8;43;1;360;84.7;60;528;2.1;94;9.6
JCB;2001-10-13 23:00;0.0;-3.1;45;4;360;83.2;60;528;2.0;94;9.2
JCB;2001-10-14 00:00;0.0;-4.9;51;0;0;81.8;60;528;1.4;94;6.6
JCB;2001-10-14 01:00;0.0;-5.7;55;0;0;80.4;60;528;1.2;94;5.7
JCB;2001-10-14 02:00;0.0;-6.4;59;0;0;79.0;60;528;1.0;94;4.9
JCB;2001-10-14 03:00;0.0;-6.8;63;0;0;77.7;60;528;0.9;94;4.4
JCB;2001-10-14 04:00;0.0;-7.9;67;0;0;76.4;60;528;0.8;94;3.9
JCB;2001-10-14 05:00;0.0;-8.6;71;0;0;75.1;60;528;0.8;94;3.6
JCB;2001-10-14 06:00;0.0;-8.6;71;0;0;73.8;60;528;0.7;94;3.3
JCB;2001-10-14 07:00;0.0;-6.4;67;0;0;78.6;60;528;1.0;94;4.7
JCB;2001-10-14 08:00;0.0;-6.0;69;1;360;76.9;60;528;0.9;94;4.3
JCB;2001-10-14 09:00;0.0;-3.1;57;4;360;79.2;60;528;1.3;94;6.1
JCB;2001-10-14 10:00;0.0;-2.4;55;0;0;82.2;60;528;1.5;94;6.9
JCB;2001-10-14 11:00;0.0;-1.4;53;20;360;85.4;60;528;6.1;94;21.7
JCB;2001-10-14 12:00;0.0;0.7;37;27;360;88.2;60;528;13.0;94;36.4
JCB;2001-10-14 13:00;0.0;2.5;31;27;360;87.1;61;529;11.0;95;32.8
JCB;2001-10-14 14:00;0.0;2.5;29;24;360;87.8;61;529;10.5;95;31.8
JCB;2001-10-14 15:00;0.0;3.2;25;22;360;88.6;61;529;10.6;95;31.9
JCB;2001-10-14 16:00;0.0;3.5;24;23;360;89.2;61;529;12.1;95;34.9
JCB;2001-10-14 17:00;0.0;3.5;24;14;360;89.7;61;529;8.3;95;27.0
JCB;2001-10-14 18:00;0.0;1.4;27;4;360;89.2;61;529;4.7;95;17.9
JCB;2001-10-14 19:00;0.0;-3.5;47;1;360;88.6;61;529;3.7;95;15.0
JCB;2001-10-14 20:00;0.0;-5.7;53;0;0;87.2;61;529;2.9;95;12.3
JCB;2001-10-14 21:00;0.0;-7.1;57;1;360;85.9;61;529;2.5;95;11.1
JCB;2001-10-14 22:00;0.0;-9.4;67;0;0;84.5;61;529;2.0;95;9.0
JCB;2001-10-14 23:00;0.0;-11.7;76;0;0;83.0;61;529;1.6;95;7.6
JCB;2001-10-15 00:00;0.0;-12.9;80;4;360;81.6;61;529;1.7;95;7.8
JCB;2001-10-15 01:00;0.0;-13.3;80;0;0;80.2;61;529;1.2;95;5.6
JCB;2001-10-15 02:00;0.0;-14.5;84;0;0;78.8;61;529;1.0;95;4.8
JCB;2001-10-15 03:00;0.0;-14.5;78;0;0;77.4;61;529;0.9;95;4.3
JCB;2001-10-15 04:00;0.0;-15.3;84;0;0;76.1;61;529;0.8;95;3.9
JCB;2001-10-15 05:00;0.0;-13.3;80;4;360;74.8;61;529;0.9;95;4.4
JCB;2001-10-15 06:00;0.0;-12.5;71;1;360;73.5;61;529;0.7;95;3.5
JCB;2001-10-15 07:00;0.0;-14.9;84;1;360;74.5;61;529;0.8;95;3.7
JCB;2001-10-15 08:00;0.0;-14.5;88;0;0;73.7;61;529;0.7;95;3.3
JCB;2001-10-15 09:00;0.0;-12.1;80;0;0;75.1;61;529;0.8;95;3.6
JCB;2001-10-15 10:00;0.0;-5.3;51;16;360;82.0;61;529;3.2;95;13.4
JCB;2001-10-15 11:00;0.0;-0.3;33;19;360;87.5;61;529;7.8;95;25.9
JCB;2001-10-15 12:00;0.0;3.9;25;4;360;90.4;61;529;5.6;95;20.4
JCB;2001-10-15 13:00;0.0;7.8;16;3;360;89.1;62;531;4.4;96;17.2
JCB;2001-10-15 14:00;0.0;10.6;14;12;360;89.8;62;531;7.6;96;25.6
JCB;2001-10-15 15:00;0.0;11.7;12;16;360;90.4;62;531;10.2;96;31.4
JCB;2001-10-15 16:00;0.0;10.6;16;7;360;90.9;62;531;7.0;96;24.1
JCB;2001-10-15 17:00;0.0;11.0;16;12;360;91.5;62;531;9.7;96;30.3
JCB;2001-10-15 18:00;0.0;8.5;22;12;360;90.9;62;531;9.0;96;28.7
JCB;2001-10-15 19:00;0.0;1.1;37;5;360;90.3;62;531;5.8;96;21.1
JCB;2001-10-15 20:00;0.0;-2.8;47;1;360;88.9;62;531;3.9;96;15.7
JCB;2001-10-15 21:00;0.0;-2.8;49;4;360;87.6;62;531;3.7;96;15.3
JCB;2001-10-15 22:00;0.0;-3.8;55;3;360;86.2;62;531;2.9;96;12.6
JCB;2001-10-15 23:00;0.0;-3.1;57;0;0;84.8;62;531;2.0;96;9.4
JCB;2001-10-16 00:00;0.0;-3.5;61;2;360;83.4;62;531;1.9;96;8.8
JCB;2001-10-16 01:00;0.0;-4.2;61;0;0;82.0;62;531;1.4;96;6.8
JCB;2001-10-16 02:00;0.0;-4.6;67;0;0;80.7;62;531;1.2;96;5.9
JCB;2001-10-16 03:00;0.0;-6.0;73;4;360;79.4;62;531;1.3;96;6.3
JCB;2001-10-16 04:00;0.0;-6.4;73;2;360;78.1;62;531;1.0;96;5.1
JCB;2001-10-16 05:00;0.0;-7.9;75;1;360;76.8;62;531;0.9;96;4.4
JCB;2001-10-16 06:00;0.0;-8.3;82;4;360;75.5;62;531;1.0;96;4.7
JCB;2001-10-16 07:00;0.0;-7.9;82;2;360;76.4;62;531;0.9;96;4.5
JCB;2001-10-16 08:00;0.0;-8.6;84;2;360;75.8;62;531;0.9;96;4.3
JCB;2001-10-16 09:00;0.0;7.1;47;33;360;83.3;62;531;8.8;96;28.4
JCB;2001-10-16 10:00;0.0;13.1;27;29;360;86.1;62;531;10.6;96;32.2
JCB;2001-10-16 11:00;0.0;15.0;25;15;360;89.1;62;531;8.1;96;26.7
JCB;2001-10-16 12:00;0.0;16.9;20;17;360;91.3;62;531;12.2;96;35.3
JCB;2001-10-16 13:00;0.0;17.7;20;21;360;90.5;64;535;13.4;99;37.9
JCB;2001-10-16 14:00;0.0;16.9;18;25;360;91.2;64;535;17.9;99;45.7
JCB;2001-10-16 15:00;0.0;16.1;20;27;360;91.8;64;535;21.7;99;51.7
JCB;2001-10-16 16:00;0.0;15.8;20;37;360;92.3;64;535;38.6;99;73.4
JCB;2001-10-16 17:00;0.0;13.9;25;43;360;92.9;64;535;54.6;99;90.0
JCB;2001-10-16 18:00;0.0;12.1;35;45;360;92.3;64;535;53.4;99;88.8
JCB;2001-10-16 19:00;0.0;10.6;41;46;360;91.7;64;535;50.3;99;85.8
JCB;2001-10-16 20:00;0.0;11.3;39;18;360;90.3;64;535;11.0;99;33.5
JCB;2001-10-16 21:00;0.0;10.2;41;15;360;89.0;64;535;7.9;99;26.6
JCB;2001-10-16 22:00;0.0;8.8;55;36;360;87.6;64;535;18.6;99;46.9
JCB;2001-10-16 23:00;0.3;6.4;76;24;360;86.2;64;535;8.3;99;27.6
JCB;2001-10-17 00:00;0.0;4.6;84;19;360;84.8;64;535;5.3;99;20.2
JCB;2001-10-17 01:00;0.0;1.4;84;24;360;83.4;64;535;5.7;99;21.3
JCB;2001-10-17 02:00;0.0;0.7;78;17;360;82.1;64;535;3.4;99;14.5
JCB;2001-10-17 03:00;0.0;-1.0;100;18;360;80.8;64;535;3.1;99;13.4
JCB;2001-10-17 04:00;0.0;-0.7;92;22;360;79.5;64;535;3.3;99;14.1
JCB;2001-10-17 05:00;0.0;-2.1;96;1;360;78.3;64;535;1.0;99;5.1
JCB;2001-10-17 06:00;0.0;-1.0;86;2;360;77.1;64;535;1.0;99;4.8
JCB;2001-10-17 07:00;0.0;-3.8;96;0;0;75.9;64;535;0.8;99;4.0
JCB;2001-10-17 08:00;0.0;-1.4;67;12;360;80.2;64;535;2.1;99;9.9
JCB;2001-10-17 09:00;0.0;-0.7;53;17;360;82.6;64;535;3.6;99;15.2
JCB;2001-10-17 10:00;0.0;0.0;63;14;360;81.2;64;535;2.6;99;11.8
JCB;2001-10-17 11:00;0.0;2.1;37;25;360;90.4;64;535;16.0;99;42.6
JCB;2001-10-17 12:00;0.0;2.8;43;22;360;89.9;64;535;12.7;99;36.8
JCB;2001-10-17 13:00;0.0;3.5;43;26;360;86.9;65;536;10.2;99;31.8
JCB;2001-10-17 14:00;0.0;3.5;41;26;360;87.6;65;536;11.3;99;34.2
JCB;2001-10-17 15:00;0.0;3.9;35;24;360;88.4;65;536;11.4;99;34.3
JCB;2001-10-17 16:00;0.0;3.5;33;27;360;89.0;65;536;14.5;99;40.1
JCB;2001-10-17 17:00;0.0;2.8;29;18;360;89.5;65;536;9.9;99;31.2
JCB;2001-10-17 18:00;0.0;1.4;31;11;360;89.0;65;536;6.5;99;23.3
JCB;2001-10-17 19:00;0.0;0.0;37;21;360;88.4;65;536;9.8;99;31.0
JCB;2001-10-17 20:00;0.0;-0.7;37;14;360;87.0;65;536;5.7;99;21.2
JCB;2001-10-17 21:00;0.0;-0.3;33;19;360;85.7;65;536;6.1;99;22.3
JCB;2001-10-17 22:00;0.0;-0.3;33;31;360;84.3;65;536;9.1;99;29.5
JCB;2001-10-17 23:00;0.0;0.0;33;38;360;82.8;65;536;10.7;99;32.8
JCB;2001-10-18 00:00;0.0;-0.3;35;14;360;81.4;65;536;2.7;99;12.0
JCB;2001-10-18 01:00;0.0;-0.7;39;13;360;80.0;65;536;2.2;99;10.2
JCB;2001-10-18 02:00;0.0;-0.3;39;17;360;78.6;65;536;2.3;99;10.8
JCB;2001-10-18 03:00;0.0;0.4;39;14;360;77.2;65;536;1.8;99;8.6
JCB;2001-10-18 04:00;0.0;1.4;39;25;360;75.9;65;536;2.9;99;12.6
JCB;2001-10-18 05:00;0.0;1.8;39;37;360;74.6;65;536;4.8;99;18.9
JCB;2001-10-18 06:00;0.0;2.1;37;32;360;73.3;65;536;3.5;99;15.0
JCB;2001-10-18 07:00;0.0;2.5;39;38;360;78.1;65;536;6.4;99;23.2
JCB;2001-10-18 08:00;0.0;2.8;39;33;360;79.6;65;536;5.8;99;21.4
JCB;2001-10-18 09:00;0.0;3.9;35;40;360;81.1;65;536;9.7;99;30.7
JCB;2001-10-18 10:00;0.0;5.3;35;28;360;84.2;65;536;7.7;99;26.4
JCB;2001-10-18 11:00;0.0;5.7;33;30;360;87.3;65;536;13.3;99;37.9
JCB;2001-10-18 12:00;0.0;6.7;33;39;360;90.3;65;536;32.2;99;66.0
JCB;2001-10-18 13:00;0.0;6.7;31;31;360;87.0;65;538;13.2;100;38.0
JCB;2001-10-18 14:00;0.0;6.4;33;35;360;87.7;65;538;18.0;100;46.3
JCB;2001-10-18 15:00;0.0;5.7;33;29;360;88.4;65;538;14.8;100;40.8
JCB;2001-10-18 16:00;0.0;7.1;33;23;360;89.0;65;538;11.9;100;35.5
JCB;2001-10-18 17:00;0.0;6.4;33;22;360;89.5;65;538;12.2;100;36.0
JCB;2001-10-18 18:00;0.0;4.9;37;21;360;89.0;65;538;10.8;100;33.2
JCB;2001-10-18 19:00;0.0;4.2;37;15;360;88.4;65;538;7.3;100;25.5
JCB;2001-10-18 20:00;0.0;3.9;37;21;360;87.1;65;538;8.1;100;27.5
JCB;2001-10-18 21:00;0.0;3.9;39;20;360;85.8;65;538;6.4;100;23.3
JCB;2001-10-18 22:00;0.0;4.2;39;15;360;84.3;65;538;4.1;100;16.8
JCB;2001-10-18 23:00;0.0;4.2;39;17;360;82.8;65;538;3.7;100;15.6
JCB;2001-10-19 00:00;0.0;4.9;37;27;360;81.4;65;538;5.2;100;20.0
JCB;2001-10-19 01:00;0.0;3.9;41;26;360;80.0;65;538;4.2;100;17.2
JCB;2001-10-19 02:00;0.0;4.6;39;33;360;78.6;65;538;5.3;100;20.2
JCB;2001-10-19 03:00;0.0;4.6;39;22;360;77.3;65;538;2.7;100;12.2
JCB;2001-10-19 04:00;0.0;3.9;39;18;360;76.0;65;538;2.0;100;9.6
JCB;2001-10-19 05:00;0.0;4.6;41;28;360;74.7;65;538;3.1;100;13.5
JCB;2001-10-19 06:00;0.0;4.6;43;32;360;73.4;65;538;3.6;100;15.1
JCB;2001-10-19 07:00;0.0;4.2;43;20;360;78.2;65;538;2.6;100;11.9
JCB;2001-10-19 08:00;0.0;-0.3;63;0;0;76.5;65;538;0.8;100;4.2
JCB;2001-10-19 09:00;0.0;-1.4;67;7;360;78.8;65;538;1.4;100;7.1
JCB;2001-10-19 10:00;0.0;3.2;51;0;0;81.8;65;538;1.4;100;6.9
JCB;2001-10-19 11:00;0.0;7.4;37;13;360;87.4;65;538;5.7;100;21.3
JCB;2001-10-19 12:00;0.0;7.8;35;28;360;90.4;65;538;18.5;100;47.2
JCB;2001-10-19 13:00;0.0;8.1;31;27;360;87.0;66;540;10.9;102;33.6
JCB;2001-10-19 14:00;0.0;8.5;33;25;360;87.8;66;540;11.0;102;33.7
JCB;2001-10-19 15:00;0.0;7.8;31;19;360;88.5;66;540;9.0;102;29.6
JCB;2001-10-19 16:00;0.0;6.0;41;20;360;89.1;66;540;10.3;102;32.4
JCB;2001-10-19 17:00;0.0;6.0;47;18;360;89.6;66;540;10.0;102;31.8
JCB;2001-10-19 18:00;0.0;4.2;61;17;360;89.1;66;540;8.9;102;29.3
JCB;2001-10-19 19:00;0.0;2.8;67;2;360;88.5;66;540;3.8;102;16.0
JCB;2001-10-19 20:00;0.0;1.4;76;1;360;87.1;66;540;3.0;102;13.3
JCB;2001-10-19 21:00;0.0;-3.5;90;0;0;85.8;66;540;2.4;102;11.0
JCB;2001-10-19 22:00;0.0;-4.6;98;1;360;84.4;66;540;2.0;102;9.7
JCB;2001-10-19 23:00;0.0;-5.3;96;0;0;82.9;66;540;1.6;102;7.9
JCB;2001-10-20 00:00;0.0;-6.4;96;0;0;81.5;66;540;1.3;102;6.7
JCB;2001-10-20 01:00;0.0;-7.9;98;0;0;80.1;66;540;1.1;102;5.8
JCB;2001-10-20 02:00;0.0;-9.0;98;3;360;78.7;66;540;1.2;102;5.9
JCB;2001-10-20 03:00;0.0;-8.6;98;3;360;77.4;66;540;1.0;102;5.3
JCB;2001-10-20 04:00;0.0;-5.3;78;8;360;76.1;66;540;1.2;102;6.2
JCB;2001-10-20 05:00;0.0;-4.6;76;7;360;74.8;66;540;1.1;102;5.4
JCB;2001-10-20 06:00;0.0;-4.6;80;0;0;73.5;66;540;0.7;102;3.5
JCB;2001-10-20 07:00;0.0;-5.7;86;1;360;74.4;66;540;0.8;102;3.9
JCB;2001-10-20 08:00;0.0;-5.3;86;0;0;73.6;66;540;0.7;102;3.5
JCB;2001-10-20 09:00;0.0;-5.7;86;0;0;75.0;66;540;0.8;102;3.8
JCB;2001-10-20 10:00;0.0;-3.8;82;0;0;77.7;66;540;0.9;102;4.6
JCB;2001-10-20 11:00;0.0;1.1;61;10;360;80.4;66;540;2.0;102;9.5
JCB;2001-10-20 12:00;0.0;2.5;53;8;360;88.1;66;540;4.9;102;19.2
JCB;2001-10-20 13:00;0.0;2.8;53;12;360;84.5;67;542;3.6;102;15.3
JCB;2001-10-20 14:00;2.5;5.3;43;12;360;85.3;67;542;4.0;102;16.6
JCB;2001-10-20 15:00;0.0;6.7;27;12;360;86.1;67;542;4.5;102;18.2
JCB;2001-10-20 16:00;0.0;6.0;27;23;360;86.8;67;542;8.6;102;28.8
JCB;2001-10-20 17:00;0.0;5.3;29;24;360;87.4;67;542;9.9;102;31.5
JCB;2001-10-20 18:00;0.0;3.2;33;22;360;86.9;67;542;8.3;102;28.1
JCB;2001-10-20 19:00;0.0;1.8;37;7;360;86.3;67;542;3.6;102;15.3
JCB;2001-10-20 20:00;0.0;-0.7;59;12;360;85.0;67;542;3.8;102;16.2
JCB;2001-10-20 21:00;0.0;-3.5;76;3;360;83.7;67;542;2.1;102;9.9
JCB;2001-10-20 22:00;0.0;-4.9;82;0;0;82.2;67;542;1.5;102;7.3
JCB;2001-10-20 23:00;0.0;-5.3;88;0;0;80.7;67;542;1.2;102;6.2
JCB;2001-10-21 00:00;0.0;-3.8;82;0;0;79.3;67;542;1.1;102;5.4
JCB;2001-10-21 01:00;0.0;-3.8;82;0;0;77.9;67;542;0.9;102;4.7
JCB;2001-10-21 02:00;0.0;-3.5;80;0;0;76.5;67;542;0.8;102;4.2
JCB;2001-10-21 03:00;0.0;-3.1;86;1;360;75.1;67;542;0.8;102;4.1
JCB;2001-10-21 04:00;0.0;-2.4;86;0;0;73.7;67;542;0.7;102;3.6
JCB;2001-10-21 05:00;0.0;-2.4;86;2;360;72.4;67;542;0.8;102;3.7
JCB;2001-10-21 06:00;0.0;-2.1;82;7;360;71.1;67;542;0.9;102;4.7
JCB;2001-10-21 07:00;0.0;-2.4;82;7;360;72.1;67;542;1.0;102;4.8
JCB;2001-10-21 08:00;0.0;-2.8;84;3;360;71.1;67;542;0.8;102;3.8
JCB;2001-10-21 09:00;0.0;-3.1;88;0;0;72.4;67;542;0.7;102;3.3
JCB;2001-10-21 10:00;0.0;-2.4;82;7;360;75.4;67;542;1.1;102;5.6
JCB;2001-10-21 11:00;0.0;-0.7;73;0;0;78.5;67;542;1.0;102;5.0
JCB;2001-10-21 12:00;0.0;0.4;69;3;360;82.0;67;542;1.7;102;8.2
JCB;2001-10-21 13:00;0.0;2.8;59;11;360;52.4;56;543;0.4;89;1.0
JCB;2001-10-21 14:00;0.0;4.2;51;15;360;55.9;56;543;0.6;89;2.8
JCB;2001-10-21 15:00;0.0;3.9;51;16;360;59.7;56;543;0.9;89;4.1
JCB;2001-10-21 16:00;0.0;3.2;51;18;360;62.3;56;543;1.2;89;5.3
JCB;2001-10-21 17:00;0.0;1.1;78;4;360;64.9;56;543;0.6;89;2.7
JCB;2001-10-21 18:00;0.0;-0.3;88;12;360;65.7;56;543;1.0;89;4.5
JCB;2001-10-21 19:00;0.0;-0.7;84;6;360;66.5;56;543;0.8;89;3.4
JCB;2001-10-21 20:00;0.0;-1.4;84;9;360;66.1;56;543;0.9;89;3.9
JCB;2001-10-21 21:00;0.0;-2.1;86;4;360;65.9;56;543;0.7;89;2.9
JCB;2001-10-21 22:00;0.0;-2.8;88;0;0;64.3;56;543;0.5;89;2.0
JCB;2001-10-21 23:00;0.0;-3.8;94;0;0;62.7;56;543;0.5;89;1.7
JCB;2001-10-22 00:00;0.0;-3.8;94;0;0;61.2;56;543;0.4;89;1.5
JCB;2001-10-22 01:00;0.0;-3.8;96;0;0;59.8;56;543;0.4;89;1.2
JCB;2001-10-22 02:00;0.0;-4.6;96;0;0;58.3;56;543;0.4;89;0.9
JCB;2001-10-22 03:00;0.0;-5.3;98;0;0;56.9;56;543;0.3;89;0.8
JCB;2001-10-22 04:00;0.0;-5.7;98;0;0;55.6;56;543;0.3;89;0.7
JCB;2001-10-22 05:00;0.0;-5.7;98;0;0;54.3;56;543;0.3;89;0.7
JCB;2001-10-22 06:00;0.0;-6.0;98;0;0;52.9;56;543;0.2;89;0.6
JCB;2001-10-22 07:00;0.0;-6.8;98;0;0;51.7;56;543;0.2;89;0.5
JCB;2001-10-22 08:00;0.0;-7.1;98;0;0;52.5;56;543;0.2;89;0.6
JCB;2001-10-22 09:00;0.0;-6.8;98;0;0;53.3;56;543;0.2;89;0.6
JCB;2001-10-22 10:00;0.0;-4.9;98;0;0;58.4;56;543;0.4;89;0.9
JCB;2001-10-22 11:00;0.0;-0.7;78;1;360;63.9;56;543;0.5;89;2.1
JCB;2001-10-22 12:00;0.0;3.9;55;5;360;70.1;56;543;0.8;89;3.6
JCB;2001-10-22 13:00;0.0;7.1;31;16;360;70.7;57;545;1.4;90;6.6
JCB;2001-10-22 14:00;0.0;7.8;29;15;360;74.0;57;545;1.6;90;7.1
JCB;2001-10-22 15:00;0.0;7.4;31;18;360;77.5;57;545;2.2;90;9.8
JCB;2001-10-22 16:00;0.0;7.1;31;18;360;78.8;57;545;2.5;90;10.7
JCB;2001-10-22 17:00;0.0;5.7;33;21;360;80.1;57;545;3.3;90;13.4
JCB;2001-10-22 18:00;0.0;4.6;37;11;360;79.7;57;545;1.9;90;8.6
JCB;2001-10-22 19:00;0.0;1.4;49;0;0;79.3;57;545;1.1;90;4.9
JCB;2001-10-22 20:00;0.0;-3.1;63;0;0;78.2;57;545;1.0;90;4.4
JCB;2001-10-22 21:00;0.0;-2.8;63;0;0;77.2;57;545;0.9;90;4.1
JCB;2001-10-22 22:00;0.0;-3.1;67;3;360;75.6;57;545;0.9;90;4.3
JCB;2001-10-22 23:00;0.0;-2.8;71;0;0;74.1;57;545;0.7;90;3.3
JCB;2001-10-23 00:00;0.0;-4.9;78;0;0;72.5;57;545;0.7;90;3.0
JCB;2001-10-23 01:00;0.0;-4.9;88;1;360;71.1;57;545;0.7;90;3.0
JCB;2001-10-23 02:00;0.0;-4.6;96;0;0;69.6;57;545;0.6;90;2.6
JCB;2001-10-23 03:00;0.0;-4.6;96;0;0;68.2;57;545;0.6;90;2.5
JCB;2001-10-23 04:00;0.0;-4.9;94;1;360;66.8;57;545;0.6;90;2.5
JCB;2001-10-23 05:00;0.0;-4.9;94;4;360;65.5;57;545;0.7;90;2.9
JCB;2001-10-23 06:00;0.0;-4.6;94;7;360;64.2;57;545;0.7;90;3.2
JCB;2001-10-23 07:00;0.0;-4.6;94;0;0;62.9;57;545;0.5;90;1.8
JCB;2001-10-23 08:00;0.0;-4.9;96;2;360;63.8;57;545;0.6;90;2.3
JCB;2001-10-23 09:00;0.0;-3.5;92;16;360;64.8;57;545;1.2;90;5.4
JCB;2001-10-23 10:00;0.0;-2.8;90;9;360;68.7;57;545;0.9;90;4.4
JCB;2001-10-23 11:00;0.0;-1.7;88;10;360;72.9;57;545;1.1;90;5.3
JCB;2001-10-23 12:00;0.0;-0.3;80;10;360;77.8;57;545;1.5;90;7.0
JCB;2001-10-23 13:00;0.0;2.1;71;9;360;72.0;57;546;1.1;90;4.9
JCB;2001-10-23 14:00;0.0;3.2;61;12;360;75.0;57;546;1.4;90;6.5
JCB;2001-10-23 15:00;0.0;1.8;75;14;360;78.0;57;546;1.9;90;8.5
JCB;2001-10-23 16:00;0.0;0.7;86;13;360;79.3;57;546;2.0;90;9.0
JCB;2001-10-23 17:00;0.3;-0.7;94;12;360;80.5;57;546;2.2;90;9.6
JCB;2001-10-23 18:00;0.0;-1.4;98;9;360;80.1;57;546;1.8;90;8.2
JCB;2001-10-23 19:00;0.0;-2.1;98;6;360;79.7;57;546;1.5;90;6.9
JCB;2001-10-23 20:00;0.0;-2.4;98;12;360;78.6;57;546;1.8;90;8.2
JCB;2001-10-23 21:00;0.0;-2.4;98;0;0;77.6;57;546;0.9;90;4.2
JCB;2001-10-23 22:00;0.0;-2.8;98;0;0;76.0;57;546;0.8;90;3.7
JCB;2001-10-23 23:00;0.0;-3.1;100;14;360;74.5;57;546;1.5;90;6.9
JCB;2001-10-24 00:00;0.0;-3.1;98;7;360;72.9;57;546;1.0;90;4.6
JCB;2001-10-24 01:00;0.0;-3.5;98;0;0;71.5;57;546;0.7;90;2.9
JCB;2001-10-24 02:00;0.0;-3.5;98;0;0;70.0;57;546;0.6;90;2.7
JCB;2001-10-24 03:00;0.0;-3.1;98;1;360;68.6;57;546;0.6;90;2.7
JCB;2001-10-24 04:00;0.0;-3.5;100;0;0;67.2;57;546;0.6;90;2.4
JCB;2001-10-24 05:00;0.0;-3.1;98;9;360;65.9;57;546;0.9;90;3.9
JCB;2001-10-24 06:00;0.0;-3.8;98;0;0;64.6;57;546;0.5;90;2.0
JCB;2001-10-24 07:00;0.0;-4.2;100;0;0;63.3;57;546;0.5;90;1.9
JCB;2001-10-24 08:00;0.0;-4.9;100;0;0;64.2;57;546;0.5;90;2.0
JCB;2001-10-24 09:00;0.0;-6.0;100;1;360;65.2;57;546;0.6;90;2.3
JCB;2001-10-24 10:00;0.0;-5.7;100;1;360;69.1;57;546;0.6;90;2.8
JCB;2001-10-24 11:00;0.0;-3.1;94;10;360;73.2;57;546;1.2;90;5.4
JCB;2001-10-24 12:00;0.0;-0.7;45;21;360;82.5;57;546;4.4;90;16.6
JCB;2001-10-24 13:00;14.0;0.7;35;19;360;37.9;26;473;0.1;46;0.1
JCB;2001-10-24 14:00;0.0;0.4;33;28;360;39.8;26;473;0.1;46;0.2
JCB;2001-10-24 15:00;0.0;1.1;29;21;360;41.8;26;473;0.1;46;0.2
JCB;2001-10-24 16:00;0.0;1.1;29;31;360;43.6;26;473;0.3;46;0.5
JCB;2001-10-24 17:00;0.0;0.7;33;27;360;45.4;26;473;0.3;46;0.5
JCB;2001-10-24 18:00;0.0;-0.7;35;21;360;46.3;26;473;0.3;46;0.5
JCB;2001-10-24 19:00;0.0;-3.1;53;4;360;47.2;26;473;0.1;46;0.2
JCB;2001-10-24 20:00;0.0;-4.9;67;0;0;47.9;26;473;0.1;46;0.2
JCB;2001-10-24 21:00;0.0;-5.3;75;1;360;48.7;26;473;0.1;46;0.2
JCB;2001-10-24 22:00;0.0;-6.0;82;6;360;47.8;26;473;0.2;46;0.3
JCB;2001-10-24 23:00;0.0;-6.0;84;5;360;46.9;26;473;0.1;46;0.2
JCB;2001-10-25 00:00;0.0;-7.5;92;4;360;46.1;26;473;0.1;46;0.2
JCB;2001-10-25 01:00;0.0;-9.8;92;0;0;45.3;26;473;0.1;46;0.1
JCB;2001-10-25 02:00;0.0;-10.5;98;0;0;44.5;26;473;0.1;46;0.1
JCB;2001-10-25 03:00;0.0;-12.5;98;0;0;43.6;26;473;0.1;46;0.1
JCB;2001-10-25 04:00;0.0;-12.5;96;0;0;42.9;26;473;0.1;46;0.1
JCB;2001-10-25 05:00;0.0;-12.1;96;0;0;42.1;26;473;0.1;46;0.1
JCB;2001-10-25 06:00;0.0;-13.7;92;2;360;41.4;26;473;0.0;46;0.1
JCB;2001-10-25 07:00;0.0;-14.9;90;0;0;40.6;26;473;0.0;46;0.1
JCB;2001-10-25 08:00;0.0;-15.7;92;0;0;41.6;26;473;0.0;46;0.1
JCB;2001-10-25 09:00;0.0;-14.9;96;0;0;42.7;26;473;0.1;46;0.1
JCB;2001-10-25 10:00;0.0;-9.4;98;2;360;48.5;26;473;0.1;46;0.2
JCB;2001-10-25 11:00;0.0;-5.3;69;8;360;54.9;26;473;0.4;46;0.7
JCB;2001-10-25 12:00;0.0;-1.0;51;0;0;67.8;26;473;0.6;46;0.9
JCB;2001-10-25 13:00;0.0;0.7;49;13;360;50.8;26;473;0.3;46;0.6
JCB;2001-10-25 14:00;1.0;0.7;51;19;360;54.2;26;473;0.7;46;1.3
JCB;2001-10-25 15:00;0.0;1.1;49;14;360;57.8;26;473;0.7;46;1.5
JCB;2001-10-25 16:00;0.0;1.8;45;8;360;60.4;26;473;0.6;46;1.0
JCB;2001-10-25 17:00;0.0;2.1;29;9;360;63.0;26;473;0.8;46;1.7
JCB;2001-10-25 18:00;0.0;-1.7;43;4;360;63.9;26;473;0.6;46;1.0
JCB;2001-10-25 19:00;0.0;-4.2;69;6;360;64.7;26;473;0.7;46;1.5
JCB;2001-10-25 20:00;0.0;-5.7;82;0;0;64.5;26;473;0.5;46;0.8
JCB;2001-10-25 21:00;0.0;-8.3;92;0;0;64.3;26;473;0.5;46;0.8
JCB;2001-10-25 22:00;0.0;-9.8;88;1;360;62.8;26;473;0.5;46;0.8
JCB;2001-10-25 23:00;0.0;-9.0;94;1;360;61.2;26;473;0.5;46;0.7
JCB;2001-10-26 00:00;0.0;-9.0;88;4;360;59.7;26;473;0.5;46;0.8
JCB;2001-10-26 01:00;0.0;-10.5;94;0;0;58.4;26;473;0.4;46;0.6
JCB;2001-10-26 02:00;0.0;-12.5;96;1;360;56.9;26;473;0.3;46;0.6
JCB;2001-10-26 03:00;0.0;-12.9;94;3;360;55.6;26;473;0.3;46;0.5
JCB;2001-10-26 04:00;0.0;-13.3;94;0;0;54.3;26;473;0.3;46;0.4
JCB;2001-10-26 05:00;0.0;-13.3;96;0;0;53.0;26;473;0.2;46;0.4
JCB;2001-10-26 06:00;0.0;-13.7;94;0;0;51.7;26;473;0.2;46;0.3
JCB;2001-10-26 07:00;0.0;-13.3;96;3;360;50.4;26;473;0.2;46;0.3
JCB;2001-10-26 08:00;0.0;-13.7;94;0;0;51.3;26;473;0.2;46;0.3
JCB;2001-10-26 09:00;0.0;-12.1;96;2;360;52.1;26;473;0.2;46;0.4
JCB;2001-10-26 10:00;0.0;-10.1;94;5;360;57.2;26;473;0.4;46;0.7
JCB;2001-10-26 11:00;0.0;-5.3;86;4;360;62.9;26;473;0.6;46;0.9
JCB;2001-10-26 12:00;0.0;0.4;73;5;360;69.2;26;473;0.8;46;1.8
JCB;2001-10-26 13:00;0.0;13.9;31;22;360;73.2;28;477;2.1;49;6.3
JCB;2001-10-26 14:00;0.0;13.1;35;32;360;75.8;28;477;4.0;49;11.0
JCB;2001-10-26 15:00;0.0;12.4;37;45;360;78.4;28;477;8.8;49;20.1
JCB;2001-10-26 16:00;0.0;12.8;37;44;360;79.7;28;477;9.6;49;21.4
JCB;2001-10-26 17:00;0.0;12.1;35;47;360;80.8;28;477;11.7;49;24.6
JCB;2001-10-26 18:00;0.0;10.6;39;49;360;80.4;28;477;11.7;49;24.6
JCB;2001-10-26 19:00;0.0;9.2;41;54;360;80.0;28;477;12.0;49;25.0
JCB;2001-10-26 20:00;0.0;9.2;45;46;360;78.9;28;477;9.5;49;21.1
JCB;2001-10-26 21:00;0.0;8.5;47;46;360;77.8;28;477;8.6;49;19.7
JCB;2001-10-26 22:00;0.0;8.1;49;44;360;76.3;28;477;7.3;49;17.4
JCB;2001-10-26 23:00;0.0;7.8;53;40;360;74.7;28;477;5.7;49;14.4
JCB;2001-10-27 00:00;0.0;7.4;55;26;360;73.2;28;477;2.6;49;7.6
JCB;2001-10-27 01:00;0.0;6.4;59;8;360;71.7;28;477;1.0;49;2.7
JCB;2001-10-27 02:00;0.0;5.7;69;8;360;70.3;28;477;0.9;49;2.6
JCB;2001-10-27 03:00;0.0;4.9;75;8;360;68.9;28;477;0.9;49;2.4
JCB;2001-10-27 04:00;0.0;2.8;84;0;0;67.5;28;477;0.6;49;1.0
JCB;2001-10-27 05:00;0.0;-0.3;82;12;360;66.1;28;477;1.0;49;2.8
JCB;2001-10-27 06:00;0.0;-1.0;82;12;360;64.8;28;477;1.0;49;2.6
JCB;2001-10-27 07:00;0.0;-1.0;84;0;0;66.2;28;477;0.6;49;0.9
JCB;2001-10-27 08:00;0.0;-1.0;82;0;0;64.5;28;477;0.5;49;0.9
JCB;2001-10-27 09:00;0.0;-1.0;80;0;0;65.5;28;477;0.5;49;0.9
JCB;2001-10-27 10:00;0.0;-0.3;76;0;0;69.3;28;477;0.6;49;1.1
JCB;2001-10-27 11:00;0.0;0.4;63;10;360;73.5;28;477;1.2;49;3.4
JCB;2001-10-27 12:00;0.0;0.4;65;11;360;78.3;28;477;1.7;49;5.0
JCB;2001-10-27 13:00;0.0;0.7;65;6;360;74.4;28;478;1.0;49;2.8
JCB;2001-10-27 14:00;0.0;1.4;67;12;360;76.8;28;478;1.6;49;4.7
JCB;2001-10-27 15:00;0.0;0.4;78;17;360;79.0;28;478;2.4;49;7.1
JCB;2001-10-27 16:00;0.0;-1.0;94;11;360;80.2;28;478;2.0;49;6.0
JCB;2001-10-27 17:00;0.0;-1.4;92;2;360;81.2;28;478;1.4;49;4.3
JCB;2001-10-27 18:00;0.0;-2.4;100;5;360;80.8;28;478;1.6;49;4.8
JCB;2001-10-27 19:00;0.0;-2.4;98;9;360;80.4;28;478;1.9;49;5.6
JCB;2001-10-27 20:00;0.0;-2.4;96;6;360;79.3;28;478;1.4;49;4.2
JCB;2001-10-27 21:00;0.0;-3.5;94;0;0;78.2;28;478;1.0;49;2.6
JCB;2001-10-27 22:00;0.0;-3.8;98;3;360;76.7;28;478;1.0;49;2.7
JCB;2001-10-27 23:00;0.0;-4.9;98;0;0;75.1;28;478;0.8;49;1.9
JCB;2001-10-28 00:00;0.0;-6.0;98;2;360;73.6;28;478;0.8;49;2.0
JCB;2001-10-28 01:00;0.0;-8.6;98;2;360;72.1;28;478;0.7;49;1.8
JCB;2001-10-28 02:00;0.0;-7.5;96;9;360;70.7;28;478;1.0;49;2.8
JCB;2001-10-28 03:00;0.0;-9.0;92;8;360;69.3;28;478;0.9;49;2.5
JCB;2001-10-28 04:00;0.0;-9.8;88;9;360;67.9;28;478;0.9;49;2.5
JCB;2001-10-28 05:00;0.0;-10.5;88;11;360;66.5;28;478;1.0;49;2.7
JCB;2001-10-28 06:00;0.0;-11.3;88;2;360;65.2;28;478;0.6;49;1.0
JCB;2001-10-28 07:00;0.0;-11.7;84;16;360;66.6;28;478;1.3;49;3.6
JCB;2001-10-28 08:00;0.0;-11.7;82;17;360;64.9;28;478;1.2;49;3.6
JCB;2001-10-28 09:00;0.0;-9.8;76;16;360;65.9;28;478;1.2;49;3.6
JCB;2001-10-28 10:00;0.0;-6.8;67;27;360;69.7;28;478;2.4;49;7.1
JCB;2001-10-28 11:00;0.0;-5.3;63;28;360;73.8;28;478;3.0;49;8.5
JCB;2001-10-28 12:00;0.0;-3.5;61;24;360;78.5;28;478;3.3;49;9.4
JCB;2001-10-28 13:00;0.3;-1.7;57;21;360;76.5;28;478;2.4;49;7.1
JCB;2001-10-28 14:00;0.0;-0.7;55;19;360;78.3;28;478;2.5;49;7.4
JCB;2001-10-28 15:00;0.0;-0.3;49;15;360;80.0;28;478;2.4;49;7.1
JCB;2001-10-28 16:00;0.0;0.0;43;9;360;81.1;28;478;2.0;49;6.0
JCB;2001-10-28 17:00;0.0;-3.5;65;4;360;82.1;28;478;1.8;49;5.2
JCB;2001-10-28 18:00;0.0;-4.6;75;0;0;81.7;28;478;1.4;49;4.0
JCB;2001-10-28 19:00;0.0;-6.0;84;1;360;81.2;28;478;1.4;49;4.0
JCB;2001-10-28 20:00;0.0;-7.1;84;1;360;80.0;28;478;1.2;49;3.5
JCB;2001-10-28 21:00;0.0;-9.4;88;3;360;78.9;28;478;1.2;49;3.4
JCB;2001-10-28 22:00;0.0;-7.5;78;0;0;77.3;28;478;0.9;49;2.4
JCB;2001-10-28 23:00;0.0;-7.9;76;3;360;75.8;28;478;0.9;49;2.5
JCB;2001-10-29 00:00;0.0;-6.4;69;31;360;74.3;28;478;3.5;49;9.9
JCB;2001-10-29 01:00;0.0;-6.0;67;27;360;72.8;28;478;2.7;49;7.8
JCB;2001-10-29 02:00;0.0;-6.4;69;29;360;71.4;28;478;2.8;49;8.2
JCB;2001-10-29 03:00;0.0;-5.7;67;28;360;70.0;28;478;2.6;49;7.5
JCB;2001-10-29 04:00;0.0;-6.4;71;28;360;68.6;28;478;2.5;49;7.2
JCB;2001-10-29 05:00;0.0;-6.8;73;24;360;67.2;28;478;1.9;49;5.7
JCB;2001-10-29 06:00;0.0;-6.0;69;20;360;65.9;28;478;1.5;49;4.4
JCB;2001-10-29 07:00;0.0;-5.3;67;19;360;70.2;28;478;1.6;49;4.9
JCB;2001-10-29 08:00;0.0;-4.6;61;27;360;69.1;28;478;2.4;49;7.0
JCB;2001-10-29 09:00;0.0;-4.2;63;14;360;71.1;28;478;1.3;49;3.9
JCB;2001-10-29 10:00;0.0;-3.8;59;19;360;74.8;28;478;2.0;49;5.9
JCB;2001-10-29 11:00;0.0;-0.3;45;23;360;78.7;28;478;3.2;49;9.1
JCB;2001-10-29 12:00;0.0;1.8;41;25;360;83.4;28;478;6.0;49;15.1
JCB;2001-10-29 13:00;0.5;3.9;33;16;360;82.4;29;479;3.3;50;9.5
JCB;2001-10-29 14:00;0.5;4.2;35;20;360;83.3;29;479;4.6;50;12.3
JCB;2001-10-29 15:00;0.0;4.6;35;29;360;84.2;29;479;8.1;50;19.1
JCB;2001-10-29 16:00;0.0;4.6;33;24;360;84.9;29;479;7.0;50;17.1
JCB;2001-10-29 17:00;0.0;2.1;51;14;360;85.7;29;479;4.7;50;12.5
JCB;2001-10-29 18:00;0.0;-1.4;63;0;0;85.2;29;479;2.2;50;6.4
JCB;2001-10-29 19:00;0.0;-3.5;75;1;360;84.6;29;479;2.1;50;6.3
JCB;2001-10-29 20:00;0.0;3.2;33;24;360;83.4;29;479;5.7;50;14.6
JCB;2001-10-29 21:00;0.0;3.2;29;31;360;82.2;29;479;6.9;50;17.0
JCB;2001-10-29 22:00;0.0;3.5;29;26;360;80.6;29;479;4.5;50;12.1
JCB;2001-10-29 23:00;0.0;3.9;27;33;360;79.1;29;479;5.5;50;14.2
JCB;2001-10-30 00:00;0.0;3.5;31;36;360;77.6;29;479;5.6;50;14.4
JCB;2001-10-30 01:00;0.0;2.5;35;31;360;76.2;29;479;3.9;50;10.9
JCB;2001-10-30 02:00;0.0;3.2;33;25;360;74.8;29;479;2.7;50;7.8
JCB;2001-10-30 03:00;0.0;3.5;33;18;360;73.4;29;479;1.8;50;5.3
JCB;2001-10-30 04:00;0.0;2.1;37;9;360;72.0;29;479;1.1;50;3.0
JCB;2001-10-30 05:00;0.0;0.7;45;3;360;70.7;29;479;0.7;50;1.8
JCB;2001-10-30 06:00;0.0;0.0;41;7;360;69.4;29;479;0.9;50;2.3
JCB;2001-10-30 07:00;0.0;-0.3;47;11;360;73.8;29;479;1.3;50;3.7
JCB;2001-10-30 08:00;0.0;-0.7;51;4;360;75.6;29;479;1.0;50;2.7
JCB;2001-10-30 09:00;0.0;2.1;37;9;360;77.5;29;479;1.4;50;4.3
JCB;2001-10-30 10:00;0.0;0.7;51;18;360;78.0;29;479;2.3;50;6.9
JCB;2001-10-30 11:00;0.0;3.5;37;13;360;84.3;29;479;3.7;50;10.3
JCB;2001-10-30 12:00;0.0;3.9;37;20;360;85.7;29;479;6.4;50;15.9
JCB;2001-10-30 13:00;0.0;4.9;33;30;360;84.4;29;481;8.8;51;20.4
JCB;2001-10-30 14:00;0.0;5.3;31;30;360;85.2;29;481;9.8;51;22.1
JCB;2001-10-30 15:00;0.0;6.4;35;22;360;86.1;29;481;7.4;51;18.0
JCB;2001-10-30 16:00;0.0;6.7;39;19;360;86.7;29;481;7.0;51;17.2
JCB;2001-10-30 17:00;0.0;5.7;49;21;360;87.3;29;481;8.4;51;19.8
JCB;2001-10-30 18:00;0.0;4.6;55;16;360;86.8;29;481;6.1;51;15.6
JCB;2001-10-30 19:00;0.0;1.1;65;0;0;86.2;29;481;2.5;51;7.5
JCB;2001-10-30 20:00;0.0;-1.4;78;0;0;84.9;29;481;2.1;51;6.3
JCB;2001-10-30 21:00;0.0;-3.1;84;1;360;83.7;29;481;1.9;51;5.7
JCB;2001-10-30 22:00;0.0;-3.5;86;1;360;82.2;29;481;1.5;51;4.7
JCB;2001-10-30 23:00;0.0;-3.1;86;7;360;80.7;29;481;1.7;51;5.3